date,region,confirmed,death,released
20200217,서울,14,0,3
20200217,부산,0,0,0
20200217,대구,0,0,0
20200217,인천,1,0,1
20200217,광주,2,0,0
20200217,대전,0,0,0
20200217,울산,0,0,0
20200217,세종,0,0,0
20200217,경기,11,0,4
20200217,강원,0,0,0
20200217,충북,0,0,0
20200217,충남,0,0,0
20200217,전북,1,0,1
20200217,전남,1,0,1
20200217,경북,0,0,0
20200217,경남,0,0,0
20200217,제주,0,0,0
20200217,검역,0,0,0
20200218,서울,14,0,3
20200218,부산,0,0,0
20200218,대구,1,0,0
20200218,인천,1,0,1
20200218,광주,2,0,0
20200218,대전,0,0,0
20200218,울산,0,0,0
20200218,세종,0,0,0
20200218,경기,11,0,6
20200218,강원,0,0,0
20200218,충북,0,0,0
20200218,충남,0,0,0
20200218,전북,1,0,1
20200218,전남,1,0,1
20200218,경북,0,0,0
20200218,경남,0,0,0
20200218,제주,0,0,0
20200218,검역,0,0,0
20200219,서울,15,0,5
20200219,부산,0,0,0
20200219,대구,16,0,0
20200219,인천,1,0,1
20200219,광주,2,0,2
20200219,대전,0,0,0
20200219,울산,0,0,0
20200219,세종,0,0,0
20200219,경기,12,0,6
20200219,강원,0,0,0
20200219,충북,0,0,0
20200219,충남,0,0,0
20200219,전북,1,0,1
20200219,전남,1,0,1
20200219,경북,3,0,0
20200219,경남,0,0,0
20200219,제주,0,0,0
20200219,검역,0,0,0
20200220,서울,22,0,5
20200220,부산,8,0,0
20200220,대구,30,0,0
20200220,인천,2,0,1
20200220,광주,3,0,2
20200220,대전,0,0,0
20200220,울산,0,0,0
20200220,세종,0,0,0
20200220,경기,12,0,6
20200220,강원,1,0,0
20200220,충북,0,0,0
20200220,충남,0,0,0
20200220,전북,1,0,1
20200220,전남,1,0,1
20200220,경북,25,1,0
20200220,경남,3,0,0
20200220,제주,0,0,0
20200220,검역,0,0,0
20200221,서울,27,0,6
20200221,부산,8,0,0
20200221,대구,110,0,0
20200221,인천,2,0,1
20200221,광주,3,0,2
20200221,대전,0,0,0
20200221,울산,0,0,0
20200221,세종,0,0,0
20200221,경기,14,0,6
20200221,강원,1,0,0
20200221,충북,1,0,0
20200221,충남,1,0,0
20200221,전북,2,0,1
20200221,전남,1,0,1
20200221,경북,28,1,0
20200221,경남,7,0,0
20200221,제주,0,0,0
20200221,검역,0,0,0
20200222,서울,30,0,6
20200222,부산,11,0,0
20200222,대구,193,1,0
20200222,인천,2,0,1
20200222,광주,6,0,2
20200222,대전,2,0,0
20200222,울산,1,0,0
20200222,세종,1,0,0
20200222,경기,20,0,7
20200222,강원,6,0,0
20200222,충북,3,0,0
20200222,충남,1,0,0
20200222,전북,3,0,1
20200222,전남,1,0,1
20200222,경북,145,1,0
20200222,경남,7,0,0
20200222,제주,1,0,0
20200222,검역,0,0,0
20200223,서울,31,0,6
20200223,부산,19,0,0
20200223,대구,310,2,0
20200223,인천,2,0,1
20200223,광주,8,0,2
20200223,대전,3,0,0
20200223,울산,1,0,0
20200223,세종,1,0,0
20200223,경기,24,0,7
20200223,강원,6,0,0
20200223,충북,3,0,0
20200223,충남,1,0,0
20200223,전북,3,0,1
20200223,전남,1,0,1
20200223,경북,170,3,0
20200223,경남,17,0,0
20200223,제주,2,0,0
20200223,검역,0,0,0
20200224,서울,35,0,8
20200224,부산,34,0,0
20200224,대구,483,2,0
20200224,인천,2,0,1
20200224,광주,9,0,2
20200224,대전,3,0,0
20200224,울산,2,0,0
20200224,세종,1,0,0
20200224,경기,35,0,9
20200224,강원,6,0,0
20200224,충북,3,0,0
20200224,충남,1,0,0
20200224,전북,3,0,1
20200224,전남,1,0,1
20200224,경북,193,5,0
20200224,경남,20,0,0
20200224,제주,2,0,0
20200224,검역,0,0,0
20200225,서울,41,0,8
20200225,부산,42,0,0
20200225,대구,543,4,0
20200225,인천,2,0,1
20200225,광주,9,0,2
20200225,대전,3,0,0
20200225,울산,3,0,0
20200225,세종,1,0,0
20200225,경기,42,0,9
20200225,강원,6,0,0
20200225,충북,5,0,0
20200225,충남,2,0,0
20200225,전북,3,0,1
20200225,전남,1,0,1
20200225,경북,249,6,0
20200225,경남,23,0,0
20200225,제주,2,0,0
20200225,검역,0,0,0
20200226,서울,49,0,8
20200226,부산,58,0,0
20200226,대구,710,5,1
20200226,인천,3,0,1
20200226,광주,9,0,2
20200226,대전,5,0,0
20200226,울산,4,0,0
20200226,세종,1,0,0
20200226,경기,51,1,9
20200226,강원,6,0,0
20200226,충북,5,0,0
20200226,충남,3,0,0
20200226,전북,3,0,1
20200226,전남,1,0,1
20200226,경북,317,6,1
20200226,경남,34,0,0
20200226,제주,2,0,0
20200226,검역,0,0,0
20200227,서울,56,0,9
20200227,부산,61,0,0
20200227,대구,1132,6,1
20200227,인천,3,0,1
20200227,광주,9,0,2
20200227,대전,9,0,0
20200227,울산,11,0,0
20200227,세종,1,0,0
20200227,경기,62,1,9
20200227,강원,6,0,0
20200227,충북,8,0,0
20200227,충남,12,0,0
20200227,전북,5,0,1
20200227,전남,1,0,1
20200227,경북,345,6,2
20200227,경남,43,0,0
20200227,제주,2,0,0
20200227,검역,0,0,0
20200228,서울,62,0,9
20200228,부산,65,0,0
20200228,대구,1580,6,2
20200228,인천,4,0,1
20200228,광주,9,0,2
20200228,대전,13,0,0
20200228,울산,14,0,0
20200228,세종,1,0,0
20200228,경기,72,1,9
20200228,강원,7,0,0
20200228,충북,9,0,0
20200228,충남,35,0,0
20200228,전북,5,0,1
20200228,전남,1,0,1
20200228,경북,409,6,2
20200228,경남,49,0,0
20200228,제주,2,0,0
20200228,검역,0,0,0
20200229,서울,77,0,11
20200229,부산,80,0,0
20200229,대구,2236,10,2
20200229,인천,6,0,1
20200229,광주,9,0,2
20200229,대전,13,0,0
20200229,울산,17,0,0
20200229,세종,1,0,0
20200229,경기,82,1,9
20200229,강원,7,0,0
20200229,충북,10,0,0
20200229,충남,55,0,0
20200229,전북,5,0,1
20200229,전남,3,0,1
20200229,경북,488,6,2
20200229,경남,59,0,0
20200229,제주,2,0,0
20200229,검역,0,0,0
20200301,서울,87,0,13
20200301,부산,83,0,0
20200301,대구,2705,11,4
20200301,인천,6,0,1
20200301,광주,9,0,2
20200301,대전,13,0,0
20200301,울산,20,0,0
20200301,세종,1,0,0
20200301,경기,89,1,8
20200301,강원,15,0,0
20200301,충북,11,0,0
20200301,충남,68,0,0
20200301,전북,6,0,1
20200301,전남,3,0,1
20200301,경북,555,6,0
20200301,경남,63,0,0
20200301,제주,2,0,0
20200301,검역,0,0,0
20200302,서울,91,0,13
20200302,부산,88,0,0
20200302,대구,3081,15,4
20200302,인천,7,0,1
20200302,광주,9,0,2
20200302,대전,14,0,1
20200302,울산,20,0,0
20200302,세종,1,0,0
20200302,경기,92,1,8
20200302,강원,19,0,0
20200302,충북,11,0,0
20200302,충남,78,0,0
20200302,전북,6,0,1
20200302,전남,5,0,1
20200302,경북,624,6,0
20200302,경남,64,0,0
20200302,제주,2,0,0
20200302,검역,0,0,0
20200303,서울,98,0,13
20200303,부산,90,0,1
20200303,대구,3601,21,6
20200303,인천,7,0,1
20200303,광주,11,0,2
20200303,대전,14,0,1
20200303,울산,20,0,0
20200303,세종,1,0,0
20200303,경기,94,1,8
20200303,강원,20,0,0
20200303,충북,11,0,0
20200303,충남,81,0,0
20200303,전북,7,0,1
20200303,전남,5,0,1
20200303,경북,685,6,0
20200303,경남,64,0,0
20200303,제주,3,0,0
20200303,검역,0,0,0
20200304,서울,99,0,13
20200304,부산,93,0,1
20200304,대구,4006,25,6
20200304,인천,9,0,1
20200304,광주,13,0,2
20200304,대전,15,0,0
20200304,울산,23,0,0
20200304,세종,1,0,0
20200304,경기,101,1,8
20200304,강원,21,0,0
20200304,충북,11,0,0
20200304,충남,82,0,0
20200304,전북,7,0,1
20200304,전남,5,0,0
20200304,경북,774,6,0
20200304,경남,65,0,3
20200304,제주,3,0,0
20200304,검역,0,0,0
20200305,서울,103,0,25
20200305,부산,92,0,2
20200305,대구,4327,28,14
20200305,인천,9,0,2
20200305,광주,14,0,3
20200305,대전,16,0,0
20200305,울산,23,0,0
20200305,세종,1,0,0
20200305,경기,110,1,10
20200305,강원,23,0,3
20200305,충북,12,0,1
20200305,충남,86,0,0
20200305,전북,7,0,2
20200305,전남,4,0,0
20200305,경북,861,6,23
20200305,경남,74,0,3
20200305,제주,4,0,0
20200305,검역,0,0,0
20200306,서울,105,0,25
20200306,부산,95,0,2
20200306,대구,4694,31,15
20200306,인천,9,0,2
20200306,광주,13,0,3
20200306,대전,18,0,0
20200306,울산,23,0,1
20200306,세종,1,0,0
20200306,경기,120,1,14
20200306,강원,25,0,3
20200306,충북,15,0,1
20200306,충남,90,0,0
20200306,전북,7,0,2
20200306,전남,4,0,0
20200306,경북,984,10,36
20200306,경남,77,0,4
20200306,제주,4,0,0
20200306,검역,0,0,0
20200307,서울,108,0,27
20200307,부산,96,0,2
20200307,대구,5084,32,18
20200307,인천,9,0,2
20200307,광주,13,0,3
20200307,대전,18,0,0
20200307,울산,23,0,1
20200307,세종,2,0,0
20200307,경기,130,1,14
20200307,강원,26,1,3
20200307,충북,20,0,1
20200307,충남,92,0,0
20200307,전북,7,0,2
20200307,전남,4,0,0
20200307,경북,1049,10,41
20200307,경남,82,0,4
20200307,제주,4,0,0
20200307,검역,0,0,0
20200308,서울,120,0,28
20200308,부산,97,0,9
20200308,대구,5381,36,18
20200308,인천,9,0,2
20200308,광주,13,0,3
20200308,대전,18,0,1
20200308,울산,24,0,1
20200308,세종,3,0,0
20200308,경기,141,1,16
20200308,강원,27,1,3
20200308,충북,24,0,1
20200308,충남,98,0,0
20200308,전북,7,0,2
20200308,전남,4,0,0
20200308,경북,1081,12,42
20200308,경남,83,0,4
20200308,제주,4,0,0
20200308,검역,0,0,0
20200309,서울,130,0,29
20200309,부산,96,0,10
20200309,대구,5571,35,21
20200309,인천,9,0,2
20200309,광주,15,0,3
20200309,대전,19,0,1
20200309,울산,24,0,1
20200309,세종,6,0,0
20200309,경기,152,1,22
20200309,강원,28,1,3
20200309,충북,25,0,3
20200309,충남,102,0,1
20200309,전북,7,0,2
20200309,전남,4,0,1
20200309,경북,1107,14,57
20200309,경남,83,0,9
20200309,제주,4,0,1
20200309,검역,0,0,0
20200310,서울,141,0,31
20200310,부산,96,0,10
20200310,대구,5663,38,92
20200310,인천,13,0,3
20200310,광주,15,0,3
20200310,대전,18,0,1
20200310,울산,24,0,1
20200310,세종,8,0,0
20200310,경기,163,1,22
20200310,강원,28,1,6
20200310,충북,25,0,3
20200310,충남,104,0,1
20200310,전북,7,0,2
20200310,전남,4,0,1
20200310,경북,1117,14,60
20200310,경남,83,0,10
20200310,제주,4,0,1
20200310,검역,0,0,0
20200311,서울,193,0,37
20200311,부산,98,0,21
20200311,대구,5794,44,102
20200311,인천,25,0,3
20200311,광주,15,0,3
20200311,대전,18,0,2
20200311,울산,25,0,2
20200311,세종,10,0,0
20200311,경기,175,1,25
20200311,강원,29,1,6
20200311,충북,27,0,3
20200311,충남,112,0,1
20200311,전북,7,0,2
20200311,전남,4,0,1
20200311,경북,1135,14,69
20200311,경남,84,0,10
20200311,제주,4,0,1
20200311,검역,0,0,0
20200312,서울,212,0,38
20200312,부산,99,0,29
20200312,대구,5867,48,114
20200312,인천,25,0,4
20200312,광주,15,0,4
20200312,대전,20,0,2
20200312,울산,25,0,3
20200312,세종,15,0,0
20200312,경기,178,1,27
20200312,강원,29,1,6
20200312,충북,27,0,4
20200312,충남,114,0,5
20200312,전북,7,0,2
20200312,전남,4,0,1
20200312,경북,1143,16,83
20200312,경남,85,0,10
20200312,제주,4,0,1
20200312,검역,0,0,0
20200313,서울,225,0,40
20200313,부산,100,0,36
20200313,대구,5928,48,251
20200313,인천,27,0,4
20200313,광주,15,0,4
20200313,대전,22,0,4
20200313,울산,27,0,3
20200313,세종,32,0,0
20200313,경기,185,2,31
20200313,강원,29,1,6
20200313,충북,27,0,4
20200313,충남,115,0,7
20200313,전북,7,0,4
20200313,전남,4,0,1
20200313,경북,1147,16,103
20200313,경남,85,0,11
20200313,제주,4,0,1
20200313,검역,0,0,0
20200314,서울,238,0,44
20200314,부산,103,0,40
20200314,대구,5990,51,401
20200314,인천,28,0,4
20200314,광주,15,0,4
20200314,대전,22,0,4
20200314,울산,27,0,5
20200314,세종,38,0,0
20200314,경기,200,3,36
20200314,강원,29,1,6
20200314,충북,28,0,5
20200314,충남,115,0,9
20200314,전북,7,0,4
20200314,전남,4,0,2
20200314,경북,1153,17,138
20200314,경남,85,0,11
20200314,제주,4,0,1
20200314,검역,0,0,0
20200315,서울,247,0,47
20200315,부산,106,1,52
20200315,대구,6031,53,468
20200315,인천,30,0,4
20200315,광주,16,0,4
20200315,대전,22,0,4
20200315,울산,28,0,6
20200315,세종,39,0,0
20200315,경기,211,3,40
20200315,강원,29,1,7
20200315,충북,31,0,6
20200315,충남,115,0,10
20200315,전북,7,0,4
20200315,전남,4,0,2
20200315,경북,1157,17,163
20200315,경남,85,0,16
20200315,제주,4,0,1
20200315,검역,0,0,0
20200316,서울,253,0,52
20200316,부산,107,1,53
20200316,대구,6066,53,734
20200316,인천,30,0,4
20200316,광주,16,0,4
20200316,대전,22,0,4
20200316,울산,28,0,7
20200316,세종,40,0,0
20200316,경기,231,3,48
20200316,강원,29,1,7
20200316,충북,31,0,6
20200316,충남,115,0,12
20200316,전북,7,0,4
20200316,전남,4,0,2
20200316,경북,1164,17,178
20200316,경남,85,0,20
20200316,제주,4,0,2
20200316,검역,4,0,0
20200317,서울,265,0,55
20200317,부산,107,1,54
20200317,대구,6098,57,947
20200317,인천,31,0,5
20200317,광주,16,0,6
20200317,대전,22,0,4
20200317,울산,28,0,8
20200317,세종,40,0,0
20200317,경기,262,3,55
20200317,강원,29,1,8
20200317,충북,31,0,5
20200317,충남,115,0,15
20200317,전북,7,0,4
20200317,전남,4,0,2
20200317,경북,1169,19,209
20200317,경남,86,0,22
20200317,제주,4,0,2
20200317,검역,6,0,0
20200318,서울,270,0,55
20200318,부산,107,1,58
20200318,대구,6144,58,1048
20200318,인천,32,0,5
20200318,광주,17,0,6
20200318,대전,22,0,4
20200318,울산,30,0,9
20200318,세종,41,0,0
20200318,경기,277,3,59
20200318,강원,30,1,8
20200318,충북,32,0,5
20200318,충남,118,0,16
20200318,전북,9,0,5
20200318,전남,5,0,2
20200318,경북,1178,21,235
20200318,경남,86,0,23
20200318,제주,4,0,2
20200318,검역,11,0,0
20200319,서울,282,0,58
20200319,부산,107,1,58
20200319,대구,6241,65,1382
20200319,인천,32,0,6
20200319,광주,17,0,7
20200319,대전,22,0,4
20200319,울산,36,0,9
20200319,세종,41,0,0
20200319,경기,295,3,64
20200319,강원,30,1,9
20200319,충북,33,0,5
20200319,충남,118,0,31
20200319,전북,10,0,5
20200319,전남,5,0,3
20200319,경북,1190,21,275
20200319,경남,86,0,29
20200319,제주,4,0,2
20200319,검역,16,0,0
20200320,서울,299,0,64
20200320,부산,108,1,60
20200320,대구,6275,67,1577
20200320,인천,36,0,7
20200320,광주,18,0,10
20200320,대전,22,0,5
20200320,울산,36,0,11
20200320,세종,41,0,0
20200320,경기,309,3,66
20200320,강원,30,1,10
20200320,충북,33,0,6
20200320,충남,119,0,32
20200320,전북,10,0,7
20200320,전남,5,0,3
20200320,경북,1203,22,340
20200320,경남,87,0,33
20200320,제주,4,0,2
20200320,검역,17,0,0
20200321,서울,314,0,64
20200321,부산,108,1,67
20200321,대구,6344,73,1861
20200321,인천,40,0,7
20200321,광주,18,0,10
20200321,대전,22,0,5
20200321,울산,36,0,11
20200321,세종,41,0,2
20200321,경기,321,3,79
20200321,강원,30,1,12
20200321,충북,34,0,8
20200321,충남,119,0,39
20200321,전북,10,0,7
20200321,전남,5,0,3
20200321,경북,1243,24,395
20200321,경남,87,0,40
20200321,제주,4,0,2
20200321,검역,23,0,0
20200322,서울,324,0,64
20200322,부산,108,1,69
20200322,대구,6387,75,2107
20200322,인천,40,0,8
20200322,광주,19,0,10
20200322,대전,24,0,6
20200322,울산,36,0,12
20200322,세종,41,0,3
20200322,경기,337,3,82
20200322,강원,30,1,13
20200322,충북,35,0,9
20200322,충남,120,0,39
20200322,전북,10,0,7
20200322,전남,6,0,3
20200322,경북,1254,24,432
20200322,경남,88,0,42
20200322,제주,4,0,3
20200322,검역,34,0,0
20200323,서울,330,0,64
20200323,부산,109,1,71
20200323,대구,6411,82,2305
20200323,인천,40,0,8
20200323,광주,19,0,10
20200323,대전,24,0,6
20200323,울산,36,0,17
20200323,세종,42,0,3
20200323,경기,351,3,88
20200323,강원,30,1,14
20200323,충북,37,0,9
20200323,충남,120,0,44
20200323,전북,10,0,7
20200323,전남,6,0,3
20200323,경북,1256,24,469
20200323,경남,89,0,45
20200323,제주,4,0,3
20200323,검역,47,0,0
20200324,서울,334,0,72
20200324,부산,111,1,71
20200324,대구,6442,88,2571
20200324,인천,41,0,8
20200324,광주,19,0,11
20200324,대전,24,0,6
20200324,울산,36,0,18
20200324,세종,42,0,3
20200324,경기,366,4,97
20200324,강원,30,1,14
20200324,충북,38,0,11
20200324,충남,120,0,56
20200324,전북,10,0,7
20200324,전남,6,0,3
20200324,경북,1257,26,507
20200324,경남,90,0,48
20200324,제주,4,0,4
20200324,검역,67,0,0
20200325,서울,347,0,72
20200325,부산,112,1,73
20200325,대구,6456,92,2740
20200325,인천,42,0,10
20200325,광주,19,0,11
20200325,대전,24,0,6
20200325,울산,37,0,19
20200325,세종,44,0,3
20200325,경기,387,4,100
20200325,강원,31,1,15
20200325,충북,38,0,13
20200325,충남,123,0,65
20200325,전북,10,0,7
20200325,전남,8,0,3
20200325,경북,1262,28,538
20200325,경남,90,0,51
20200325,제주,6,0,4
20200325,검역,101,0,0
20200326,서울,360,0,80
20200326,부산,112,2,75
20200326,대구,6482,94,3039
20200326,인천,43,0,11
20200326,광주,19,0,11
20200326,대전,30,0,6
20200326,울산,37,0,20
20200326,세종,44,0,8
20200326,경기,401,4,122
20200326,강원,31,1,18
20200326,충북,39,0,14
20200326,충남,124,0,68
20200326,전북,10,0,7
20200326,전남,8,0,3
20200326,경북,1274,30,601
20200326,경남,90,0,57
20200326,제주,6,0,4
20200326,검역,131,0,0
20200327,서울,372,0,89
20200327,부산,113,2,81
20200327,대구,6516,98,3324
20200327,인천,46,0,13
20200327,광주,20,0,11
20200327,대전,31,0,9
20200327,울산,39,0,20
20200327,세종,44,0,9
20200327,경기,412,4,131
20200327,강원,31,1,20
20200327,충북,41,0,17
20200327,충남,124,0,78
20200327,전북,10,0,7
20200327,전남,8,0,3
20200327,경북,1283,34,650
20200327,경남,91,0,62
20200327,제주,7,0,4
20200327,검역,144,0,0
20200328,서울,390,0,93
20200328,부산,114,2,81
20200328,대구,6587,101,3543
20200328,인천,51,0,14
20200328,광주,20,0,11
20200328,대전,31,0,10
20200328,울산,39,0,19
20200328,세종,44,0,9
20200328,경기,433,5,140
20200328,강원,32,1,20
20200328,충북,41,0,21
20200328,충남,126,0,81
20200328,전북,10,0,7
20200328,전남,8,0,3
20200328,경북,1285,35,692
20200328,경남,91,0,63
20200328,제주,8,0,4
20200328,검역,168,0,0
20200329,서울,410,0,93
20200329,부산,117,3,85
20200329,대구,6610,106,3706
20200329,인천,58,0,15
20200329,광주,20,0,11
20200329,대전,34,0,14
20200329,울산,39,0,19
20200329,세종,46,0,11
20200329,경기,448,5,144
20200329,강원,34,1,21
20200329,충북,41,0,21
20200329,충남,127,0,83
20200329,전북,12,0,7
20200329,전남,9,0,3
20200329,경북,1287,37,732
20200329,경남,94,0,64
20200329,제주,8,0,4
20200329,검역,189,0,0
20200330,서울,426,0,92
20200330,부산,118,3,87
20200330,대구,6624,111,3837
20200330,인천,58,0,15
20200330,광주,20,0,13
20200330,대전,34,0,17
20200330,울산,39,0,19
20200330,세종,46,0,12
20200330,경기,463,5,160
20200330,강원,36,1,21
20200330,충북,44,0,21
20200330,충남,127,0,83
20200330,전북,13,0,7
20200330,전남,9,0,3
20200330,경북,1298,38,772
20200330,경남,95,0,65
20200330,제주,9,0,4
20200330,검역,202,0,0
20200331,서울,450,0,107
20200331,부산,119,3,87
20200331,대구,6684,114,3946
20200331,인천,64,0,16
20200331,광주,20,0,14
20200331,대전,36,0,18
20200331,울산,39,0,19
20200331,세종,46,0,12
20200331,경기,476,6,166
20200331,강원,36,1,23
20200331,충북,44,0,22
20200331,충남,128,0,90
20200331,전북,13,0,7
20200331,전남,9,0,3
20200331,경북,1300,38,808
20200331,경남,96,0,67
20200331,제주,9,0,3
20200331,검역,217,0,0
20200401,서울,474,0,117
20200401,부산,122,3,87
20200401,대구,6704,115,4070
20200401,인천,69,0,19
20200401,광주,24,0,14
20200401,대전,36,0,18
20200401,울산,39,1,20
20200401,세종,46,0,12
20200401,경기,499,6,171
20200401,강원,38,1,23
20200401,충북,44,0,23
20200401,충남,131,0,91
20200401,전북,14,0,7
20200401,전남,12,0,3
20200401,경북,1302,39,822
20200401,경남,100,0,67
20200401,제주,9,0,3
20200401,검역,224,0,0
20200402,서울,488,0,117
20200402,부산,122,3,87
20200402,대구,6725,117,4070
20200402,인천,73,0,19
20200402,광주,25,0,14
20200402,대전,36,0,18
20200402,울산,40,1,20
20200402,세종,46,0,12
20200402,경기,516,6,171
20200402,강원,39,1,23
20200402,충북,44,0,23
20200402,충남,133,0,91
20200402,전북,14,0,7
20200402,전남,14,0,3
20200402,경북,1304,41,822
20200402,경남,106,0,67
20200402,제주,9,0,3
20200402,검역,242,0,0
20200403,서울,506,0,131
20200403,부산,122,3,88
20200403,대구,6734,121,4434
20200403,인천,74,0,21
20200403,광주,26,0,15
20200403,대전,36,0,18
20200403,울산,40,1,21
20200403,세종,46,0,12
20200403,경기,539,6,186
20200403,강원,41,1,23
20200403,충북,45,0,25
20200403,충남,134,0,97
20200403,전북,15,0,7
20200403,전남,15,0,3
20200403,경북,1309,42,865
20200403,경남,107,0,71
20200403,제주,9,0,3
20200403,검역,264,0,1
20200404,서울,528,0,144
20200404,부산,122,3,90
20200404,대구,6761,122,4673
20200404,인천,77,0,22
20200404,광주,26,0,15
20200404,대전,36,0,18
20200404,울산,40,1,24
20200404,세종,46,0,15
20200404,경기,562,6,200
20200404,강원,42,1,23
20200404,충북,45,0,27
20200404,충남,135,0,102
20200404,전북,15,0,7
20200404,전남,15,0,4
20200404,경북,1310,44,881
20200404,경남,108,0,75
20200404,제주,9,0,4
20200404,검역,279,0,1
20200405,서울,552,0,145
20200405,부산,122,3,90
20200405,대구,6768,127,4773
20200405,인천,79,0,25
20200405,광주,27,0,15
20200405,대전,37,0,18
20200405,울산,40,1,27
20200405,세종,46,0,15
20200405,경기,572,7,208
20200405,강원,45,1,24
20200405,충북,45,0,28
20200405,충남,135,0,102
20200405,전북,16,0,7
20200405,전남,15,0,4
20200405,경북,1314,44,899
20200405,경남,109,0,77
20200405,제주,12,0,4
20200405,검역,303,0,2
20200406,서울,563,0,151
20200406,부산,122,3,91
20200406,대구,6781,129,4865
20200406,인천,80,0,27
20200406,광주,27,0,15
20200406,대전,39,0,19
20200406,울산,40,1,27
20200406,세종,46,0,17
20200406,경기,580,7,213
20200406,강원,45,1,23
20200406,충북,45,0,29
20200406,충남,136,0,102
20200406,전북,16,0,7
20200406,전남,15,0,4
20200406,경북,1316,45,922
20200406,경남,111,0,80
20200406,제주,12,0,4
20200406,검역,310,0,2
20200407,서울,567,0,164
20200407,부산,123,3,91
20200407,대구,6794,134,4918
20200407,인천,80,0,27
20200407,광주,27,0,15
20200407,대전,39,0,20
20200407,울산,40,1,28
20200407,세종,46,0,17
20200407,경기,590,7,226
20200407,강원,47,1,24
20200407,충북,45,0,29
20200407,충남,137,0,104
20200407,전북,16,0,7
20200407,전남,15,0,4
20200407,경북,1317,46,934
20200407,경남,112,0,80
20200407,제주,12,0,4
20200407,검역,324,0,2
20200408,서울,578,2,169
20200408,부산,125,3,94
20200408,대구,6803,137,4961
20200408,인천,84,0,27
20200408,광주,27,0,15
20200408,대전,39,0,20
20200408,울산,40,1,28
20200408,세종,46,0,14
20200408,경기,596,10,237
20200408,강원,49,1,24
20200408,충북,45,0,29
20200408,충남,137,0,106
20200408,전북,17,0,7
20200408,전남,15,0,4
20200408,경북,1320,46,954
20200408,경남,113,0,80
20200408,제주,12,0,4
20200408,검역,338,0,3
20200409,서울,590,2,174
20200409,부산,125,3,97
20200409,대구,6807,139,5106
20200409,인천,84,0,31
20200409,광주,27,0,15
20200409,대전,39,0,20
20200409,울산,40,1,28
20200409,세종,46,0,16
20200409,경기,606,11,259
20200409,강원,49,1,24
20200409,충북,45,0,30
20200409,충남,138,0,105
20200409,전북,17,0,7
20200409,전남,15,0,4
20200409,경북,1320,47,968
20200409,경남,115,0,82
20200409,제주,12,0,4
20200409,검역,348,0,3
20200410,서울,595,2,185
20200410,부산,126,3,98
20200410,대구,6807,142,5193
20200410,인천,85,0,34
20200410,광주,27,0,15
20200410,대전,39,0,21
20200410,울산,40,1,28
20200410,세종,46,0,20
20200410,경기,615,11,269
20200410,강원,49,1,26
20200410,충북,45,0,28
20200410,충남,138,0,105
20200410,전북,17,0,8
20200410,전남,15,0,4
20200410,경북,1327,48,994
20200410,경남,115,0,82
20200410,제주,12,0,4
20200410,검역,352,0,3
20200411,서울,599,2,195
20200411,부산,126,3,100
20200411,대구,6814,145,5271
20200411,인천,85,0,35
20200411,광주,27,0,17
20200411,대전,39,0,22
20200411,울산,41,1,30
20200411,세종,46,0,20
20200411,경기,624,11,286
20200411,강원,49,1,26
20200411,충북,45,0,28
20200411,충남,138,0,106
20200411,전북,17,0,8
20200411,전남,15,0,5
20200411,경북,1330,48,1004
20200411,경남,115,0,83
20200411,제주,12,0,4
20200411,검역,358,0,3
20200412,서울,602,2,202
20200412,부산,126,3,103
20200412,대구,6816,146,5356
20200412,인천,86,0,38
20200412,광주,27,0,19
20200412,대전,39,0,23
20200412,울산,41,1,32
20200412,세종,46,0,22
20200412,경기,628,12,292
20200412,강원,49,1,27
20200412,충북,45,0,29
20200412,충남,139,0,108
20200412,전북,17,0,8
20200412,전남,15,0,5
20200412,경북,1333,49,1013
20200412,경남,115,0,84
20200412,제주,12,0,4
20200412,검역,376,0,3
20200413,서울,610,2,214
20200413,부산,126,3,103
20200413,대구,6819,147,5395
20200413,인천,87,0,39
20200413,광주,27,0,19
20200413,대전,39,0,23
20200413,울산,41,1,33
20200413,세종,46,0,21
20200413,경기,631,13,305
20200413,강원,49,1,28
20200413,충북,45,0,31
20200413,충남,139,0,109
20200413,전북,17,0,8
20200413,전남,15,0,6
20200413,경북,1337,50,1020
20200413,경남,115,0,84
20200413,제주,12,0,5
20200413,검역,382,0,3
20200414,서울,612,2,228
20200414,부산,126,3,103
20200414,대구,6822,152,5440
20200414,인천,88,0,42
20200414,광주,27,0,21
20200414,대전,39,0,24
20200414,울산,42,1,33
20200414,세종,46,0,21
20200414,경기,639,13,313
20200414,강원,49,1,29
20200414,충북,45,0,31
20200414,충남,139,0,113
20200414,전북,17,0,8
20200414,전남,15,0,6
20200414,경북,1342,50,1029
20200414,경남,115,0,84
20200414,제주,12,0,5
20200414,검역,389,0,4
20200415,서울,617,2,239
20200415,부산,127,3,107
20200415,대구,6823,155,5486
20200415,인천,88,0,48
20200415,광주,28,0,21
20200415,대전,39,0,24
20200415,울산,42,1,33
20200415,세종,46,0,21
20200415,경기,645,13,322
20200415,강원,51,1,27
20200415,충북,45,0,31
20200415,충남,139,0,114
20200415,전북,17,0,8
20200415,전남,15,0,7
20200415,경북,1348,50,1035
20200415,경남,115,0,84
20200415,제주,13,0,5
20200415,검역,393,0,4
20200416,서울,619,2,250
20200416,부산,130,3,111
20200416,대구,6827,158,5586
20200416,인천,88,0,51
20200416,광주,28,0,22
20200416,대전,39,0,25
20200416,울산,42,1,34
20200416,세종,46,0,21
20200416,경기,649,14,330
20200416,강원,52,1,27
20200416,충북,45,0,34
20200416,충남,139,0,115
20200416,전북,17,0,9
20200416,전남,15,0,7
20200416,경북,1352,50,1044
20200416,경남,115,0,82
20200416,제주,13,0,5
20200416,검역,397,0,4
20200417,서울,621,2,268
20200417,부산,130,3,112
20200417,대구,6827,159,5626
20200417,인천,89,0,51
20200417,광주,30,0,22
20200417,대전,40,0,25
20200417,울산,42,1,34
20200417,세종,46,0,24
20200417,경기,650,14,340
20200417,강원,52,1,28
20200417,충북,45,0,37
20200417,충남,139,0,115
20200417,전북,17,0,9
20200417,전남,15,0,7
20200417,경북,1356,50,1037
20200417,경남,115,0,84
20200417,제주,13,0,5
20200417,검역,408,0,5
20200418,서울,622,2,274
20200418,부산,130,3,112
20200418,대구,6830,160,5685
20200418,인천,90,0,55
20200418,광주,30,0,22
20200418,대전,39,0,25
20200418,울산,42,1,34
20200418,세종,46,0,25
20200418,경기,654,14,361
20200418,강원,53,1,28
20200418,충북,45,0,38
20200418,충남,141,0,119
20200418,전북,17,0,9
20200418,전남,15,0,7
20200418,경북,1358,51,1046
20200418,경남,116,0,84
20200418,제주,13,0,6
20200418,검역,412,0,7
20200419,서울,624,2,288
20200419,부산,130,3,115
20200419,대구,6832,161,5743
20200419,인천,91,0,55
20200419,광주,30,0,22
20200419,대전,39,0,25
20200419,울산,42,1,34
20200419,세종,46,0,29
20200419,경기,654,14,370
20200419,강원,53,2,28
20200419,충북,45,0,38
20200419,충남,141,0,122
20200419,전북,17,0,9
20200419,전남,15,0,8
20200419,경북,1359,51,1057
20200419,경남,116,0,85
20200419,제주,13,0,6
20200419,검역,414,0,8
20200420,서울,624,2,304
20200420,부산,132,3,115
20200420,대구,6833,163,5769
20200420,인천,92,0,56
20200420,광주,30,0,22
20200420,대전,39,0,26
20200420,울산,43,1,34
20200420,세종,46,0,29
20200420,경기,656,14,387
20200420,강원,53,2,28
20200420,충북,45,0,38
20200420,충남,141,0,122
20200420,전북,17,0,9
20200420,전남,15,0,8
20200420,경북,1361,51,1064
20200420,경남,116,0,87
20200420,제주,13,0,6
20200420,검역,418,0,10
20200421,서울,626,2,315
20200421,부산,132,3,115
20200421,대구,6835,164,5793
20200421,인천,92,0,56
20200421,광주,30,0,22
20200421,대전,39,0,26
20200421,울산,43,1,35
20200421,세종,46,0,29
20200421,경기,658,14,398
20200421,강원,53,2,30
20200421,충북,45,0,39
20200421,충남,141,0,123
20200421,전북,17,0,9
20200421,전남,15,0,8
20200421,경북,1361,51,1072
20200421,경남,116,0,88
20200421,제주,13,0,6
20200421,검역,421,0,49
20200422,서울,628,2,322
20200422,부산,134,3,115
20200422,대구,6836,165,5827
20200422,인천,92,0,57
20200422,광주,30,0,22
20200422,대전,40,0,27
20200422,울산,43,1,35
20200422,세종,46,0,33
20200422,경기,658,14,404
20200422,강원,53,2,31
20200422,충북,45,0,39
20200422,충남,141,0,122
20200422,전북,17,0,9
20200422,전남,15,0,8
20200422,경북,1363,51,1079
20200422,경남,117,0,89
20200422,제주,13,0,8
20200422,검역,423,0,50
20200423,서울,628,2,342
20200423,부산,135,3,116
20200423,대구,6840,166,5890
20200423,인천,92,0,56
20200423,광주,30,0,24
20200423,대전,40,0,29
20200423,울산,43,1,36
20200423,세종,46,0,34
20200423,경기,659,14,424
20200423,강원,53,2,31
20200423,충북,45,0,40
20200423,충남,141,0,123
20200423,전북,17,0,9
20200423,전남,15,0,8
20200423,경북,1363,52,1091
20200423,경남,117,0,89
20200423,제주,13,0,8
20200423,검역,425,0,61
20200424,서울,628,2,362
20200424,부산,136,3,116
20200424,대구,6842,166,5931
20200424,인천,92,0,54
20200424,광주,30,0,24
20200424,대전,40,0,30
20200424,울산,43,1,36
20200424,세종,46,0,34
20200424,경기,660,14,441
20200424,강원,53,2,31
20200424,충북,45,0,40
20200424,충남,141,0,123
20200424,전북,17,0,11
20200424,전남,15,0,8
20200424,경북,1364,52,1097
20200424,경남,117,0,91
20200424,제주,13,0,8
20200424,검역,426,0,64
20200425,서울,629,2,383
20200425,부산,136,3,116
20200425,대구,6845,166,5974
20200425,인천,92,0,55
20200425,광주,30,0,25
20200425,대전,40,0,32
20200425,울산,43,1,36
20200425,세종,46,0,35
20200425,경기,662,14,448
20200425,강원,53,2,32
20200425,충북,45,0,40
20200425,충남,141,0,123
20200425,전북,17,0,10
20200425,전남,15,0,8
20200425,경북,1364,52,1104
20200425,경남,117,0,91
20200425,제주,13,0,8
20200425,검역,430,0,115
20200426,서울,629,2,388
20200426,부산,137,3,116
20200426,대구,6846,168,6018
20200426,인천,92,0,57
20200426,광주,30,0,25
20200426,대전,40,0,34
20200426,울산,43,1,36
20200426,세종,46,0,35
20200426,경기,668,14,463
20200426,강원,53,2,34
20200426,충북,45,0,40
20200426,충남,141,0,123
20200426,전북,18,0,10
20200426,전남,15,0,9
20200426,경북,1364,52,1109
20200426,경남,117,0,93
20200426,제주,13,0,7
20200426,검역,431,0,120
20200427,서울,629,2,393
20200427,부산,137,3,117
20200427,대구,6847,169,6040
20200427,인천,92,0,58
20200427,광주,30,0,25
20200427,대전,40,0,34
20200427,울산,43,1,36
20200427,세종,46,0,35
20200427,경기,671,14,470
20200427,강원,53,2,35
20200427,충북,45,0,40
20200427,충남,142,0,123
20200427,전북,18,0,10
20200427,전남,15,0,9
20200427,경북,1364,52,1114
20200427,경남,117,0,94
20200427,제주,13,0,8
20200427,검역,436,0,123
20200428,서울,633,2,427
20200428,부산,137,3,116
20200428,대구,6849,170,6056
20200428,인천,93,0,63
20200428,광주,30,0,25
20200428,대전,40,0,35
20200428,울산,43,1,36
20200428,세종,46,0,35
20200428,경기,674,14,475
20200428,강원,53,2,37
20200428,충북,45,0,40
20200428,충남,142,0,123
20200428,전북,18,0,10
20200428,전남,15,0,10
20200428,경북,1365,52,1119
20200428,경남,117,0,97
20200428,제주,13,0,7
20200428,검역,439,0,143
20200429,서울,633,2,437
20200429,부산,137,3,116
20200429,대구,6852,171,6075
20200429,인천,93,0,66
20200429,광주,30,0,26
20200429,대전,40,0,35
20200429,울산,43,1,37
20200429,세종,46,0,36
20200429,경기,676,15,481
20200429,강원,53,2,37
20200429,충북,45,0,40
20200429,충남,143,0,123
20200429,전북,18,0,10
20200429,전남,15,0,10
20200429,경북,1365,52,1133
20200429,경남,117,0,97
20200429,제주,13,0,8
20200429,검역,442,0,155
20200430,서울,633,2,453
20200430,부산,137,3,116
20200430,대구,6852,172,6144
20200430,인천,93,0,68
20200430,광주,30,0,27
20200430,대전,40,0,35
20200430,울산,43,1,37
20200430,세종,46,0,38
20200430,경기,676,15,486
20200430,강원,53,2,40
20200430,충북,45,0,41
20200430,충남,143,0,127
20200430,전북,18,0,11
20200430,전남,15,0,11
20200430,경북,1365,52,1147
20200430,경남,117,0,97
20200430,제주,13,0,8
20200430,검역,446,0,173
20200501,서울,634,2,455
20200501,부산,137,3,116
20200501,대구,6852,172,6144
20200501,인천,94,0,69
20200501,광주,30,0,27
20200501,대전,40,0,35
20200501,울산,43,1,37
20200501,세종,46,0,39
20200501,경기,678,16,488
20200501,강원,53,2,40
20200501,충북,45,0,41
20200501,충남,143,0,128
20200501,전북,18,0,12
20200501,전남,15,0,12
20200501,경북,1366,52,1149
20200501,경남,117,0,98
20200501,제주,13,0,8
20200501,검역,450,0,174
20200502,서울,635,2,463
20200502,부산,138,3,117
20200502,대구,6852,174,6155
20200502,인천,95,0,70
20200502,광주,30,0,28
20200502,대전,40,0,36
20200502,울산,43,1,37
20200502,세종,46,0,41
20200502,경기,678,16,498
20200502,강원,53,2,42
20200502,충북,45,0,41
20200502,충남,143,0,128
20200502,전북,18,0,12
20200502,전남,15,0,12
20200502,경북,1366,52,1154
20200502,경남,117,0,99
20200502,제주,13,0,8
20200502,검역,453,0,182
20200503,서울,637,2,473
20200503,부산,138,3,117
20200503,대구,6856,174,6167
20200503,인천,95,0,72
20200503,광주,30,0,28
20200503,대전,40,0,36
20200503,울산,43,1,37
20200503,세종,46,0,42
20200503,경기,680,16,510
20200503,강원,53,2,43
20200503,충북,45,0,42
20200503,충남,143,0,128
20200503,전북,18,0,12
20200503,전남,15,0,12
20200503,경북,1366,52,1165
20200503,경남,117,0,100
20200503,제주,13,0,8
20200503,검역,458,0,191
20200504,서울,637,2,481
20200504,부산,138,3,117
20200504,대구,6856,174,6177
20200504,인천,96,0,72
20200504,광주,30,0,28
20200504,대전,40,1,36
20200504,울산,44,1,37
20200504,세종,46,0,44
20200504,경기,681,16,515
20200504,강원,53,2,42
20200504,충북,45,0,42
20200504,충남,143,0,128
20200504,전북,18,0,12
20200504,전남,16,0,12
20200504,경북,1366,53,1173
20200504,경남,117,0,101
20200504,제주,13,0,8
20200504,검역,462,0,192
20200505,서울,637,2,489
20200505,부산,138,3,117
20200505,대구,6856,176,6199
20200505,인천,97,0,71
20200505,광주,30,0,28
20200505,대전,40,1,36
20200505,울산,44,1,38
20200505,세종,46,0,45
20200505,경기,681,16,518
20200505,강원,53,2,42
20200505,충북,45,0,42
20200505,충남,143,0,128
20200505,전북,18,0,12
20200505,전남,16,0,12
20200505,경북,1366,53,1186
20200505,경남,117,0,102
20200505,제주,13,0,8
20200505,검역,464,0,210
20200506,서울,637,2,494
20200506,부산,138,3,119
20200506,대구,6856,177,6217
20200506,인천,97,0,72
20200506,광주,30,0,28
20200506,대전,40,1,38
20200506,울산,44,1,37
20200506,세종,46,0,45
20200506,경기,681,16,525
20200506,강원,53,2,42
20200506,충북,45,0,42
20200506,충남,143,0,128
20200506,전북,18,0,12
20200506,전남,16,0,12
20200506,경북,1366,53,1190
20200506,경남,117,0,104
20200506,제주,13,0,12
20200506,검역,466,0,216
20200507,서울,637,2,508
20200507,부산,138,3,120
20200507,대구,6856,178,6249
20200507,인천,97,0,72
20200507,광주,30,0,28
20200507,대전,41,1,38
20200507,울산,44,1,37
20200507,세종,46,0,45
20200507,경기,682,16,538
20200507,강원,53,2,42
20200507,충북,46,0,42
20200507,충남,143,0,128
20200507,전북,18,0,14
20200507,전남,16,0,12
20200507,경북,1366,53,1198
20200507,경남,117,0,105
20200507,제주,13,0,12
20200507,검역,467,0,231
20200508,서울,637,2,520
20200508,부산,140,3,123
20200508,대구,6859,178,6277
20200508,인천,97,0,75
20200508,광주,30,0,28
20200508,대전,41,1,38
20200508,울산,44,1,37
20200508,세종,46,0,45
20200508,경기,684,16,538
20200508,강원,53,2,41
20200508,충북,47,0,41
20200508,충남,143,0,130
20200508,전북,19,0,14
20200508,전남,16,0,12
20200508,경북,1366,53,1206
20200508,경남,117,0,105
20200508,제주,13,0,12
20200508,검역,470,0,242
20200509,서울,649,2,536
20200509,부산,141,3,125
20200509,대구,6859,178,6306
20200509,인천,98,0,78
20200509,광주,30,0,29
20200509,대전,41,1,38
20200509,울산,44,1,38
20200509,세종,46,0,45
20200509,경기,688,16,548
20200509,강원,53,2,41
20200509,충북,47,0,41
20200509,충남,143,0,133
20200509,전북,19,0,14
20200509,전남,16,0,12
20200509,경북,1366,53,1215
20200509,경남,117,0,107
20200509,제주,13,0,13
20200509,검역,470,0,249
20200510,서울,663,2,541
20200510,부산,141,3,125
20200510,대구,6861,178,6318
20200510,인천,101,0,80
20200510,광주,30,0,30
20200510,대전,41,1,38
20200510,울산,44,1,38
20200510,세종,46,0,45
20200510,경기,694,16,556
20200510,강원,53,2,41
20200510,충북,49,0,42
20200510,충남,143,0,133
20200510,전북,19,0,14
20200510,전남,16,0,12
20200510,경북,1366,53,1220
20200510,경남,117,0,108
20200510,제주,14,0,13
20200510,검역,476,0,256
20200511,서울,683,2,545
20200511,부산,141,3,125
20200511,대구,6861,178,6318
20200511,인천,104,0,82
20200511,광주,30,0,30
20200511,대전,41,1,38
20200511,울산,44,1,38
20200511,세종,47,0,45
20200511,경기,698,16,557
20200511,강원,54,2,41
20200511,충북,52,0,42
20200511,충남,143,0,134
20200511,전북,19,0,14
20200511,전남,16,0,12
20200511,경북,1366,53,1228
20200511,경남,117,0,110
20200511,제주,14,0,13
20200511,검역,479,0,260
20200512,서울,695,2,554
20200512,부산,141,3,125
20200512,대구,6862,179,6331
20200512,인천,105,0,82
20200512,광주,30,0,30
20200512,대전,43,1,38
20200512,울산,44,1,40
20200512,세종,47,0,45
20200512,경기,706,16,559
20200512,강원,54,2,41
20200512,충북,52,0,42
20200512,충남,143,0,136
20200512,전북,19,0,14
20200512,전남,16,0,12
20200512,경북,1367,54,1230
20200512,경남,118,0,112
20200512,제주,14,0,12
20200512,검역,480,0,267
20200513,서울,707,3,558
20200513,부산,144,3,126
20200513,대구,6865,179,6322
20200513,인천,107,0,86
20200513,광주,30,0,30
20200513,대전,43,1,38
20200513,울산,45,1,41
20200513,세종,47,0,46
20200513,경기,708,16,563
20200513,강원,54,2,42
20200513,충북,52,0,43
20200513,충남,143,0,138
20200513,전북,20,0,14
20200513,전남,16,0,12
20200513,경북,1367,54,1231
20200513,경남,119,0,113
20200513,제주,14,0,12
20200513,검역,481,0,280
20200514,서울,711,4,564
20200514,부산,144,3,127
20200514,대구,6865,179,6349
20200514,인천,119,0,85
20200514,광주,30,0,30
20200514,대전,43,1,39
20200514,울산,45,1,41
20200514,세종,47,0,46
20200514,경기,714,16,577
20200514,강원,55,2,43
20200514,충북,55,0,43
20200514,충남,144,0,138
20200514,전북,20,0,14
20200514,전남,17,0,13
20200514,경북,1368,54,1237
20200514,경남,119,0,114
20200514,제주,14,0,12
20200514,검역,481,0,290
20200515,서울,725,4,569
20200515,부산,144,3,127
20200515,대구,6868,179,6366
20200515,인천,124,0,85
20200515,광주,30,0,30
20200515,대전,43,1,39
20200515,울산,45,1,39
20200515,세종,47,0,47
20200515,경기,717,16,583
20200515,강원,55,2,44
20200515,충북,55,0,43
20200515,충남,144,0,139
20200515,전북,20,0,14
20200515,전남,18,0,13
20200515,경북,1368,54,1245
20200515,경남,119,0,115
20200515,제주,14,0,12
20200515,검역,482,0,311
20200516,서울,730,4,574
20200516,부산,144,3,130
20200516,대구,6869,181,6367
20200516,인천,124,0,85
20200516,광주,30,0,30
20200516,대전,43,1,39
20200516,울산,45,1,40
20200516,세종,47,0,47
20200516,경기,721,16,587
20200516,강원,55,2,45
20200516,충북,56,0,43
20200516,충남,144,0,139
20200516,전북,20,0,16
20200516,전남,18,0,13
20200516,경북,1368,54,1253
20200516,경남,119,0,116
20200516,제주,14,0,11
20200516,검역,490,0,316
20200517,서울,735,4,575
20200517,부산,144,3,130
20200517,대구,6870,181,6376
20200517,인천,124,0,85
20200517,광주,30,0,30
20200517,대전,44,1,39
20200517,울산,45,1,41
20200517,세종,47,0,47
20200517,경기,721,16,598
20200517,강원,55,2,45
20200517,충북,56,0,43
20200517,충남,144,0,140
20200517,전북,20,0,16
20200517,전남,18,0,13
20200517,경북,1368,54,1254
20200517,경남,121,0,116
20200517,제주,14,0,11
20200517,검역,494,0,329
20200518,서울,736,4,579
20200518,부산,144,3,130
20200518,대구,6871,182,6376
20200518,인천,124,0,86
20200518,광주,30,0,30
20200518,대전,44,1,39
20200518,울산,45,1,41
20200518,세종,47,0,47
20200518,경기,724,16,600
20200518,강원,55,2,46
20200518,충북,59,0,43
20200518,충남,144,0,140
20200518,전북,20,0,18
20200518,전남,18,0,14
20200518,경북,1368,54,1257
20200518,경남,121,0,116
20200518,제주,14,0,11
20200518,검역,501,0,331
20200519,서울,742,4,587
20200519,부산,144,3,130
20200519,대구,6871,182,6389
20200519,인천,126,0,87
20200519,광주,30,0,30
20200519,대전,44,1,39
20200519,울산,49,1,41
20200519,세종,47,0,46
20200519,경기,725,16,602
20200519,강원,55,2,46
20200519,충북,59,0,43
20200519,충남,144,0,140
20200519,전북,20,0,19
20200519,전남,18,0,13
20200519,경북,1368,54,1261
20200519,경남,121,0,115
20200519,제주,14,0,11
20200519,검역,501,0,339
20200520,서울,752,4,592
20200520,부산,144,3,131
20200520,대구,6872,182,6471
20200520,인천,134,0,88
20200520,광주,30,0,30
20200520,대전,44,1,39
20200520,울산,49,1,42
20200520,세종,47,0,47
20200520,경기,735,16,611
20200520,강원,55,2,47
20200520,충북,59,0,44
20200520,충남,144,0,141
20200520,전북,21,0,19
20200520,전남,18,0,14
20200520,경북,1368,54,1271
20200520,경남,121,0,117
20200520,제주,14,0,13
20200520,검역,503,0,349
20200521,서울,756,4,596
20200521,부산,144,3,131
20200521,대구,6872,182,6498
20200521,인천,140,0,89
20200521,광주,30,0,30
20200521,대전,44,1,39
20200521,울산,49,1,42
20200521,세종,47,0,47
20200521,경기,735,17,631
20200521,강원,55,2,47
20200521,충북,59,0,44
20200521,충남,145,0,141
20200521,전북,21,0,19
20200521,전남,18,0,16
20200521,경북,1368,54,1272
20200521,경남,121,0,117
20200521,제주,14,0,13
20200521,검역,504,0,363
20200522,서울,758,4,599
20200522,부산,144,3,131
20200522,대구,6872,182,6505
20200522,인천,141,0,90
20200522,광주,30,0,30
20200522,대전,44,1,39
20200522,울산,50,1,42
20200522,세종,47,0,47
20200522,경기,741,17,633
20200522,강원,55,2,47
20200522,충북,59,0,44
20200522,충남,145,0,141
20200522,전북,21,0,19
20200522,전남,18,0,16
20200522,경북,1370,54,1276
20200522,경남,122,0,117
20200522,제주,14,0,13
20200522,검역,511,0,373
20200523,서울,762,4,604
20200523,부산,144,3,131
20200523,대구,6873,183,6516
20200523,인천,141,0,91
20200523,광주,30,0,30
20200523,대전,45,1,40
20200523,울산,50,1,42
20200523,세종,47,0,47
20200523,경기,754,18,636
20200523,강원,55,2,47
20200523,충북,59,0,45
20200523,충남,145,0,141
20200523,전북,21,0,19
20200523,전남,18,0,16
20200523,경북,1370,54,1278
20200523,경남,123,0,117
20200523,제주,14,0,13
20200523,검역,514,0,381
20200524,서울,768,4,604
20200524,부산,144,3,131
20200524,대구,6873,183,6518
20200524,인천,143,0,92
20200524,광주,30,0,30
20200524,대전,45,1,40
20200524,울산,50,1,42
20200524,세종,47,0,47
20200524,경기,760,18,643
20200524,강원,56,2,47
20200524,충북,59,0,46
20200524,충남,145,0,141
20200524,전북,21,0,19
20200524,전남,18,0,17
20200524,경북,1376,54,1281
20200524,경남,123,0,117
20200524,제주,14,0,13
20200524,검역,518,0,385
20200525,서울,774,4,607
20200525,부산,144,3,131
20200525,대구,6874,183,6519
20200525,인천,144,0,92
20200525,광주,30,0,30
20200525,대전,45,1,40
20200525,울산,50,1,42
20200525,세종,47,0,47
20200525,경기,766,19,644
20200525,강원,56,2,48
20200525,충북,59,0,46
20200525,충남,145,0,141
20200525,전북,21,0,19
20200525,전남,18,0,17
20200525,경북,1377,54,1285
20200525,경남,123,0,119
20200525,제주,14,0,13
20200525,검역,519,0,386
20200526,서울,783,4,614
20200526,부산,144,3,131
20200526,대구,6875,184,6553
20200526,인천,147,0,93
20200526,광주,30,0,30
20200526,대전,45,1,40
20200526,울산,50,1,42
20200526,세종,47,0,47
20200526,경기,768,19,645
20200526,강원,56,3,48
20200526,충북,60,0,46
20200526,충남,145,0,141
20200526,전북,21,0,19
20200526,전남,18,0,17
20200526,경북,1378,54,1286
20200526,경남,123,0,119
20200526,제주,14,0,13
20200526,검역,521,0,391
20200527,서울,802,4,618
20200527,부산,144,3,135
20200527,대구,6878,184,6557
20200527,인천,158,0,93
20200527,광주,30,0,30
20200527,대전,45,1,40
20200527,울산,50,1,42
20200527,세종,47,0,47
20200527,경기,774,19,646
20200527,강원,56,3,48
20200527,충북,60,0,46
20200527,충남,145,0,141
20200527,전북,21,0,19
20200527,전남,18,0,17
20200527,경북,1378,54,1287
20200527,경남,123,0,119
20200527,제주,14,0,13
20200527,검역,522,0,397
20200528,서울,826,4,621
20200528,부산,145,3,136
20200528,대구,6880,184,6576
20200528,인천,180,0,93
20200528,광주,30,0,30
20200528,대전,45,1,40
20200528,울산,50,1,44
20200528,세종,47,0,47
20200528,경기,795,19,646
20200528,강원,56,3,49
20200528,충북,60,0,46
20200528,충남,146,0,141
20200528,전북,21,0,19
20200528,전남,18,0,17
20200528,경북,1379,54,1291
20200528,경남,123,0,119
20200528,제주,14,0,13
20200528,검역,529,0,412
20200529,서울,846,4,623
20200529,부산,145,3,136
20200529,대구,6880,184,6587
20200529,인천,198,0,93
20200529,광주,30,0,30
20200529,대전,45,1,42
20200529,울산,50,1,44
20200529,세종,47,0,47
20200529,경기,815,19,647
20200529,강원,56,3,50
20200529,충북,60,0,46
20200529,충남,146,0,141
20200529,전북,21,0,19
20200529,전남,18,0,17
20200529,경북,1379,54,1293
20200529,경남,123,0,119
20200529,제주,14,0,13
20200529,검역,529,0,416
20200530,서울,855,4,627
20200530,부산,146,3,138
20200530,대구,6882,184,6606
20200530,인천,203,0,94
20200530,광주,32,0,30
20200530,대전,45,1,42
20200530,울산,50,1,44
20200530,세종,47,0,47
20200530,경기,828,19,648
20200530,강원,57,3,50
20200530,충북,60,0,49
20200530,충남,146,0,142
20200530,전북,21,0,19
20200530,전남,19,0,17
20200530,경북,1379,54,1294
20200530,경남,123,0,120
20200530,제주,14,0,13
20200530,검역,534,0,418
20200531,서울,861,4,627
20200531,부산,147,3,138
20200531,대구,6883,185,6607
20200531,인천,206,0,94
20200531,광주,32,0,30
20200531,대전,46,1,42
20200531,울산,52,1,45
20200531,세종,47,0,47
20200531,경기,840,19,650
20200531,강원,57,3,50
20200531,충북,60,0,49
20200531,충남,146,0,142
20200531,전북,21,0,19
20200531,전남,19,0,17
20200531,경북,1379,54,1295
20200531,경남,123,0,121
20200531,제주,15,0,13
20200531,검역,534,0,419
20200601,서울,862,4,627
20200601,부산,147,3,138
20200601,대구,6884,186,6610
20200601,인천,224,0,98
20200601,광주,32,0,30
20200601,대전,46,1,42
20200601,울산,52,1,45
20200601,세종,47,0,47
20200601,경기,852,19,657
20200601,강원,57,3,50
20200601,충북,60,0,49
20200601,충남,146,0,142
20200601,전북,21,0,19
20200601,전남,20,0,17
20200601,경북,1379,54,1296
20200601,경남,123,0,121
20200601,제주,15,0,13
20200601,검역,536,0,421
20200602,서울,876,4,638
20200602,부산,147,3,138
20200602,대구,6884,187,6616
20200602,인천,232,0,98
20200602,광주,32,0,30
20200602,대전,46,1,42
20200602,울산,52,1,45
20200602,세종,47,0,47
20200602,경기,867,19,660
20200602,강원,57,3,51
20200602,충북,60,0,49
20200602,충남,146,0,142
20200602,전북,21,0,19
20200602,전남,20,0,17
20200602,경북,1379,54,1297
20200602,경남,123,0,121
20200602,제주,15,0,13
20200602,검역,537,0,423
20200603,서울,895,4,639
20200603,부산,147,3,138
20200603,대구,6885,188,6626
20200603,인천,249,0,98
20200603,광주,32,0,30
20200603,대전,46,1,42
20200603,울산,52,1,45
20200603,세종,47,0,47
20200603,경기,879,19,662
20200603,강원,57,3,51
20200603,충북,60,0,49
20200603,충남,146,0,142
20200603,전북,21,0,19
20200603,전남,20,0,17
20200603,경북,1379,54,1298
20200603,경남,123,0,121
20200603,제주,15,0,13
20200603,검역,537,0,430
20200604,서울,909,4,644
20200604,부산,147,3,138
20200604,대구,6885,188,6634
20200604,인천,256,0,105
20200604,광주,32,0,30
20200604,대전,46,1,42
20200604,울산,52,1,46
20200604,세종,47,0,47
20200604,경기,894,19,665
20200604,강원,57,3,51
20200604,충북,60,0,49
20200604,충남,146,0,142
20200604,전북,21,0,19
20200604,전남,20,0,17
20200604,경북,1380,54,1301
20200604,경남,123,0,121
20200604,제주,15,0,13
20200604,검역,539,0,435
20200605,서울,924,4,645
20200605,부산,147,3,138
20200605,대구,6886,188,6634
20200605,인천,262,0,107
20200605,광주,32,0,30
20200605,대전,46,1,42
20200605,울산,52,1,46
20200605,세종,47,0,47
20200605,경기,907,19,665
20200605,강원,57,3,51
20200605,충북,60,0,49
20200605,충남,147,0,143
20200605,전북,21,0,19
20200605,전남,20,0,17
20200605,경북,1382,54,1302
20200605,경남,123,0,121
20200605,제주,15,0,13
20200605,검역,540,0,437
20200606,서울,947,4,650
20200606,부산,147,3,139
20200606,대구,6886,188,6638
20200606,인천,273,0,110
20200606,광주,32,0,30
20200606,대전,46,1,42
20200606,울산,52,1,46
20200606,세종,47,0,47
20200606,경기,915,19,673
20200606,강원,58,3,51
20200606,충북,60,0,49
20200606,충남,148,0,143
20200606,전북,21,0,19
20200606,전남,20,0,17
20200606,경북,1383,54,1303
20200606,경남,124,0,122
20200606,제주,15,0,13
20200606,검역,545,0,439
20200607,서울,974,4,651
20200607,부산,147,3,140
20200607,대구,6887,188,6640
20200607,인천,279,0,118
20200607,광주,32,0,30
20200607,대전,46,1,42
20200607,울산,53,1,46
20200607,세종,47,0,47
20200607,경기,934,19,678
20200607,강원,58,3,51
20200607,충북,61,0,49
20200607,충남,148,0,143
20200607,전북,21,0,19
20200607,전남,20,0,17
20200607,경북,1383,54,1304
20200607,경남,124,0,122
20200607,제주,15,0,13
20200607,검역,547,0,442
20200608,서울,996,4,651
20200608,부산,147,3,141
20200608,대구,6888,188,6641
20200608,인천,283,0,118
20200608,광주,32,0,30
20200608,대전,46,1,43
20200608,울산,53,1,46
20200608,세종,47,0,47
20200608,경기,942,19,680
20200608,강원,58,3,51
20200608,충북,61,0,49
20200608,충남,148,0,143
20200608,전북,21,0,19
20200608,전남,20,0,17
20200608,경북,1383,54,1309
20200608,경남,124,0,122
20200608,제주,15,0,13
20200608,검역,550,0,443
20200609,서울,1015,4,664
20200609,부산,147,3,141
20200609,대구,6888,188,6643
20200609,인천,286,0,121
20200609,광주,32,0,30
20200609,대전,46,1,43
20200609,울산,53,1,46
20200609,세종,47,0,47
20200609,경기,955,20,680
20200609,강원,58,3,51
20200609,충북,61,0,49
20200609,충남,150,0,143
20200609,전북,21,0,19
20200609,전남,20,0,17
20200609,경북,1383,54,1310
20200609,경남,125,0,123
20200609,제주,15,0,13
20200609,검역,550,0,449
20200610,서울,1027,4,665
20200610,부산,147,3,141
20200610,대구,6888,188,6648
20200610,인천,294,0,127
20200610,광주,32,0,30
20200610,대전,46,1,43
20200610,울산,53,1,47
20200610,세종,47,0,47
20200610,경기,976,22,682
20200610,강원,59,3,51
20200610,충북,61,0,49
20200610,충남,150,0,143
20200610,전북,21,0,19
20200610,전남,20,0,18
20200610,경북,1383,54,1310
20200610,경남,127,0,123
20200610,제주,15,0,13
20200610,검역,556,0,455
20200611,서울,1048,4,675
20200611,부산,147,3,141
20200611,대구,6888,188,6651
20200611,인천,300,0,136
20200611,광주,32,0,30
20200611,대전,46,1,43
20200611,울산,53,1,47
20200611,세종,47,0,47
20200611,경기,992,22,691
20200611,강원,59,3,51
20200611,충북,61,0,52
20200611,충남,150,0,143
20200611,전북,21,0,19
20200611,전남,20,0,18
20200611,경북,1383,54,1312
20200611,경남,127,0,123
20200611,제주,15,0,13
20200611,검역,558,0,462
20200612,서울,1073,4,680
20200612,부산,147,3,141
20200612,대구,6889,189,6653
20200612,인천,301,0,140
20200612,광주,32,0,30
20200612,대전,46,1,43
20200612,울산,53,1,47
20200612,세종,47,0,47
20200612,경기,1011,22,692
20200612,강원,59,3,52
20200612,충북,61,0,52
20200612,충남,150,0,144
20200612,전북,21,0,19
20200612,전남,20,0,18
20200612,경북,1383,54,1312
20200612,경남,127,0,123
20200612,제주,15,0,13
20200612,검역,568,0,463
20200613,서울,1101,4,688
20200613,부산,147,3,142
20200613,대구,6892,189,6659
20200613,인천,302,0,141
20200613,광주,32,0,30
20200613,대전,46,1,43
20200613,울산,53,1,47
20200613,세종,47,0,47
20200613,경기,1025,22,696
20200613,강원,59,3,52
20200613,충북,61,0,52
20200613,충남,151,0,144
20200613,전북,21,0,19
20200613,전남,20,0,18
20200613,경북,1383,54,1312
20200613,경남,127,0,123
20200613,제주,15,0,14
20200613,검역,569,0,464
20200614,서울,1113,4,689
20200614,부산,147,3,142
20200614,대구,6894,189,6661
20200614,인천,310,0,147
20200614,광주,32,0,30
20200614,대전,46,1,43
20200614,울산,53,1,47
20200614,세종,47,0,47
20200614,경기,1035,22,710
20200614,강원,60,3,52
20200614,충북,61,0,52
20200614,충남,151,0,144
20200614,전북,21,0,19
20200614,전남,20,0,18
20200614,경북,1383,54,1313
20200614,경남,127,0,123
20200614,제주,15,0,15
20200614,검역,570,0,466
20200615,서울,1120,4,689
20200615,부산,147,3,142
20200615,대구,6894,189,6667
20200615,인천,318,0,149
20200615,광주,32,0,30
20200615,대전,46,1,43
20200615,울산,53,1,47
20200615,세종,47,0,47
20200615,경기,1045,22,713
20200615,강원,60,3,52
20200615,충북,61,0,52
20200615,충남,152,0,144
20200615,전북,21,0,19
20200615,전남,20,0,18
20200615,경북,1383,54,1313
20200615,경남,130,0,124
20200615,제주,15,0,15
20200615,검역,577,0,466
20200616,서울,1132,4,703
20200616,부산,148,3,142
20200616,대구,6894,189,6671
20200616,인천,320,1,152
20200616,광주,32,0,32
20200616,대전,49,1,43
20200616,울산,53,1,47
20200616,세종,47,0,47
20200616,경기,1050,22,716
20200616,강원,60,3,52
20200616,충북,61,0,55
20200616,충남,152,0,144
20200616,전북,21,0,20
20200616,전남,20,0,18
20200616,경북,1383,54,1313
20200616,경남,132,0,124
20200616,제주,15,0,15
20200616,검역,586,0,466
20200617,서울,1145,5,710
20200617,부산,148,3,142
20200617,대구,6895,189,6672
20200617,인천,322,1,152
20200617,광주,32,0,32
20200617,대전,54,1,43
20200617,울산,53,1,47
20200617,세종,47,0,47
20200617,경기,1063,22,720
20200617,강원,60,3,52
20200617,충북,61,0,55
20200617,충남,153,0,144
20200617,전북,21,0,20
20200617,전남,20,0,18
20200617,경북,1383,54,1313
20200617,경남,132,0,124
20200617,제주,16,0,15
20200617,검역,593,0,468
20200618,서울,1170,6,718
20200618,부산,148,3,142
20200618,대구,6896,189,6674
20200618,인천,323,1,158
20200618,광주,32,0,32
20200618,대전,61,1,44
20200618,울산,53,1,48
20200618,세종,48,0,47
20200618,경기,1079,22,724
20200618,강원,60,3,52
20200618,충북,61,0,55
20200618,충남,156,0,144
20200618,전북,22,0,20
20200618,전남,20,0,18
20200618,경북,1383,54,1316
20200618,경남,132,0,124
20200618,제주,16,0,15
20200618,검역,597,0,469
20200619,서울,1188,6,724
20200619,부산,148,3,142
20200619,대구,6896,189,6676
20200619,인천,323,1,161
20200619,광주,32,0,32
20200619,대전,67,1,44
20200619,울산,53,1,48
20200619,세종,48,0,47
20200619,경기,1090,22,737
20200619,강원,60,3,52
20200619,충북,61,0,55
20200619,충남,156,0,144
20200619,전북,22,0,20
20200619,전남,20,0,18
20200619,경북,1383,54,1317
20200619,경남,132,0,124
20200619,제주,19,0,15
20200619,검역,608,0,479
20200620,서울,1202,6,730
20200620,부산,150,3,142
20200620,대구,6898,189,6679
20200620,인천,328,1,165
20200620,광주,32,0,32
20200620,대전,72,1,44
20200620,울산,53,1,48
20200620,세종,48,0,47
20200620,경기,1107,22,741
20200620,강원,60,3,52
20200620,충북,61,0,55
20200620,충남,158,0,144
20200620,전북,23,0,20
20200620,전남,20,0,18
20200620,경북,1384,54,1319
20200620,경남,132,0,124
20200620,제주,19,0,15
20200620,검역,626,0,481
20200621,서울,1219,6,733
20200621,부산,150,3,142
20200621,대구,6899,189,6680
20200621,인천,328,1,167
20200621,광주,33,0,32
20200621,대전,82,1,44
20200621,울산,53,1,48
20200621,세종,49,0,47
20200621,경기,1117,22,744
20200621,강원,62,3,52
20200621,충북,61,0,55
20200621,충남,159,0,144
20200621,전북,23,0,20
20200621,전남,20,0,18
20200621,경북,1384,54,1320
20200621,경남,133,0,124
20200621,제주,19,0,15
20200621,검역,630,0,483
20200622,서울,1224,6,733
20200622,부산,150,3,142
20200622,대구,6900,189,6681
20200622,인천,329,1,169
20200622,광주,33,0,32
20200622,대전,82,1,44
20200622,울산,53,1,48
20200622,세종,49,0,47
20200622,경기,1123,22,753
20200622,강원,62,3,52
20200622,충북,61,0,56
20200622,충남,161,0,144
20200622,전북,24,0,20
20200622,전남,20,0,18
20200622,경북,1385,54,1320
20200622,경남,133,0,124
20200622,제주,19,0,15
20200622,검역,630,0,483
20200623,서울,1230,6,743
20200623,부산,150,3,142
20200623,대구,6901,189,6686
20200623,인천,330,1,170
20200623,광주,33,0,32
20200623,대전,86,1,44
20200623,울산,53,1,48
20200623,세종,49,0,47
20200623,경기,1130,23,758
20200623,강원,62,3,52
20200623,충북,62,0,56
20200623,충남,161,0,144
20200623,전북,24,0,20
20200623,전남,20,0,18
20200623,경북,1385,54,1321
20200623,경남,133,0,124
20200623,제주,19,0,15
20200623,검역,656,0,488
20200624,서울,1241,6,747
20200624,부산,152,3,142
20200624,대구,6903,189,6687
20200624,인천,333,1,174
20200624,광주,33,0,32
20200624,대전,94,1,44
20200624,울산,55,1,48
20200624,세종,49,0,47
20200624,경기,1137,23,761
20200624,강원,63,3,52
20200624,충북,62,0,56
20200624,충남,162,0,146
20200624,전북,25,0,20
20200624,전남,20,0,18
20200624,경북,1386,54,1321
20200624,경남,133,0,124
20200624,제주,19,0,15
20200624,검역,668,0,496
20200625,서울,1250,7,761
20200625,부산,152,3,142
20200625,대구,6903,189,6689
20200625,인천,334,1,182
20200625,광주,33,0,32
20200625,대전,98,1,44
20200625,울산,55,1,48
20200625,세종,49,0,47
20200625,경기,1146,23,777
20200625,강원,63,3,52
20200625,충북,62,0,57
20200625,충남,163,0,146
20200625,전북,25,0,20
20200625,전남,20,0,18
20200625,경북,1386,54,1321
20200625,경남,133,0,125
20200625,제주,19,0,16
20200625,검역,672,0,497
20200626,서울,1267,7,843
20200626,부산,152,3,142
20200626,대구,6903,189,6695
20200626,인천,336,1,231
20200626,광주,33,0,32
20200626,대전,102,1,44
20200626,울산,55,1,49
20200626,세종,49,0,47
20200626,경기,1150,23,814
20200626,강원,64,3,52
20200626,충북,62,0,60
20200626,충남,166,0,148
20200626,전북,25,0,20
20200626,전남,20,0,18
20200626,경북,1387,54,1327
20200626,경남,133,0,125
20200626,제주,19,0,16
20200626,검역,679,0,509
20200627,서울,1284,7,911
20200627,부산,152,3,142
20200627,대구,6904,189,6700
20200627,인천,337,2,250
20200627,광주,33,0,32
20200627,대전,104,1,44
20200627,울산,55,1,50
20200627,세종,49,0,47
20200627,경기,1167,22,858
20200627,강원,64,3,52
20200627,충북,63,0,60
20200627,충남,166,0,148
20200627,전북,26,0,20
20200627,전남,20,0,19
20200627,경북,1387,54,1328
20200627,경남,133,0,128
20200627,제주,19,0,16
20200627,검역,690,0,512
20200628,서울,1298,7,923
20200628,부산,152,3,143
20200628,대구,6904,189,6700
20200628,인천,337,1,264
20200628,광주,37,0,32
20200628,대전,110,1,44
20200628,울산,55,1,50
20200628,세종,49,0,47
20200628,경기,1184,23,873
20200628,강원,64,3,53
20200628,충북,64,0,60
20200628,충남,167,0,148
20200628,전북,26,0,21
20200628,전남,23,0,19
20200628,경북,1387,54,1328
20200628,경남,133,0,128
20200628,제주,19,0,16
20200628,검역,706,0,515
20200629,서울,1305,7,942
20200629,부산,153,3,143
20200629,대구,6906,189,6700
20200629,인천,338,1,284
20200629,광주,41,0,32
20200629,대전,112,1,44
20200629,울산,55,1,50
20200629,세종,49,0,47
20200629,경기,1200,23,888
20200629,강원,64,3,54
20200629,충북,64,0,60
20200629,충남,167,0,150
20200629,전북,27,0,21
20200629,전남,24,0,19
20200629,경북,1388,54,1328
20200629,경남,134,0,128
20200629,제주,19,0,16
20200629,검역,711,0,523
20200630,서울,1312,7,985
20200630,부산,154,3,142
20200630,대구,6906,189,6700
20200630,인천,341,1,290
20200630,광주,44,0,32
20200630,대전,117,1,44
20200630,울산,55,1,50
20200630,세종,50,0,47
20200630,경기,1207,23,931
20200630,강원,65,3,54
20200630,충북,65,0,60
20200630,충남,167,0,150
20200630,전북,27,0,21
20200630,전남,24,0,19
20200630,경북,1389,54,1328
20200630,경남,134,0,128
20200630,제주,19,0,16
20200630,검역,724,0,540
20200701,서울,1321,7,1026
20200701,부산,154,3,142
20200701,대구,6907,189,6700
20200701,인천,343,1,294
20200701,광주,56,0,32
20200701,대전,121,1,44
20200701,울산,55,1,52
20200701,세종,50,0,47
20200701,경기,1223,23,951
20200701,강원,65,3,55
20200701,충북,64,0,60
20200701,충남,168,0,150
20200701,전북,27,0,21
20200701,전남,25,0,19
20200701,경북,1389,54,1328
20200701,경남,134,0,128
20200701,제주,19,0,16
20200701,검역,729,0,548
20200702,서울,1334,7,1054
20200702,부산,154,3,146
20200702,대구,6910,189,6702
20200702,인천,343,1,302
20200702,광주,78,0,32
20200702,대전,122,1,44
20200702,울산,55,1,52
20200702,세종,50,0,47
20200702,경기,1233,23,967
20200702,강원,65,3,55
20200702,충북,64,0,61
20200702,충남,171,0,150
20200702,전북,27,0,22
20200702,전남,25,0,19
20200702,경북,1389,54,1328
20200702,경남,134,0,128
20200702,제주,19,0,16
20200702,검역,731,0,559
20200703,서울,1346,7,1085
20200703,부산,154,3,146
20200703,대구,6923,189,6703
20200703,인천,344,1,311
20200703,광주,84,0,32
20200703,대전,126,1,45
20200703,울산,55,1,52
20200703,세종,50,0,47
20200703,경기,1251,23,987
20200703,강원,65,3,55
20200703,충북,64,0,61
20200703,충남,172,0,150
20200703,전북,28,0,22
20200703,전남,25,0,19
20200703,경북,1390,54,1329
20200703,경남,136,0,129
20200703,제주,19,0,16
20200703,검역,735,0,570
20200704,서울,1353,8,1103
20200704,부산,155,3,146
20200704,대구,6924,189,6707
20200704,인천,346,1,317
20200704,광주,92,0,32
20200704,대전,129,1,45
20200704,울산,55,1,52
20200704,세종,50,0,47
20200704,경기,1270,23,1003
20200704,강원,65,3,55
20200704,충북,66,0,61
20200704,충남,172,0,150
20200704,전북,28,0,22
20200704,전남,25,0,19
20200704,경북,1391,54,1330
20200704,경남,137,0,129
20200704,제주,19,0,18
20200704,검역,753,0,575
20200705,서울,1369,8,1105
20200705,부산,155,3,146
20200705,대구,6924,189,6707
20200705,인천,346,1,319
20200705,광주,108,0,33
20200705,대전,137,1,48
20200705,울산,55,1,52
20200705,세종,50,0,47
20200705,경기,1278,23,1013
20200705,강원,66,3,55
20200705,충북,66,0,61
20200705,충남,172,0,151
20200705,전북,29,0,22
20200705,전남,25,0,19
20200705,경북,1392,54,1330
20200705,경남,137,0,129
20200705,제주,20,0,18
20200705,검역,762,0,577
20200706,서울,1372,8,1110
20200706,부산,156,3,146
20200706,대구,6924,189,6707
20200706,인천,352,1,319
20200706,광주,115,0,33
20200706,대전,139,2,49
20200706,울산,55,1,53
20200706,세종,50,0,48
20200706,경기,1284,23,1017
20200706,강원,67,3,55
20200706,충북,66,0,61
20200706,충남,173,0,152
20200706,전북,29,0,22
20200706,전남,27,0,19
20200706,경북,1393,54,1330
20200706,경남,138,0,129
20200706,제주,20,0,18
20200706,검역,777,0,580
20200707,서울,1375,8,1144
20200707,부산,156,3,146
20200707,대구,6925,189,6708
20200707,인천,354,1,319
20200707,광주,121,0,33
20200707,대전,141,2,50
20200707,울산,55,1,53
20200707,세종,50,0,48
20200707,경기,1297,24,1034
20200707,강원,67,3,55
20200707,충북,66,0,62
20200707,충남,173,0,152
20200707,전북,30,0,22
20200707,전남,27,0,19
20200707,경북,1393,54,1330
20200707,경남,138,0,129
20200707,제주,20,0,18
20200707,검역,793,0,592
20200708,서울,1385,8,1160
20200708,부산,156,3,146
20200708,대구,6926,189,6708
20200708,인천,355,1,322
20200708,광주,129,0,35
20200708,대전,143,2,55
20200708,울산,55,1,53
20200708,세종,50,0,49
20200708,경기,1315,24,1055
20200708,강원,67,3,55
20200708,충북,66,0,62
20200708,충남,179,0,153
20200708,전북,32,0,22
20200708,전남,28,0,19
20200708,경북,1394,54,1330
20200708,경남,140,0,129
20200708,제주,20,0,18
20200708,검역,804,0,599
20200709,서울,1393,9,1171
20200709,부산,156,3,146
20200709,대구,6926,189,6709
20200709,인천,358,1,323
20200709,광주,144,0,35
20200709,대전,149,2,61
20200709,울산,55,1,53
20200709,세종,50,0,49
20200709,경기,1323,25,1071
20200709,강원,67,3,56
20200709,충북,66,0,63
20200709,충남,180,0,154
20200709,전북,33,0,22
20200709,전남,29,0,19
20200709,경북,1393,54,1332
20200709,경남,142,0,131
20200709,제주,20,0,18
20200709,검역,809,0,606
20200710,서울,1401,9,1182
20200710,부산,156,3,146
20200710,대구,6926,189,6710
20200710,인천,359,2,323
20200710,광주,147,0,37
20200710,대전,156,2,66
20200710,울산,55,1,53
20200710,세종,50,0,49
20200710,경기,1337,25,1078
20200710,강원,67,3,56
20200710,충북,68,0,63
20200710,충남,180,0,155
20200710,전북,33,0,22
20200710,전남,32,0,19
20200710,경북,1393,54,1333
20200710,경남,145,0,133
20200710,제주,20,0,18
20200710,검역,813,0,622
20200711,서울,1409,9,1198
20200711,부산,156,3,146
20200711,대구,6926,189,6712
20200711,인천,360,2,329
20200711,광주,156,0,40
20200711,대전,158,2,82
20200711,울산,55,1,53
20200711,세종,50,0,50
20200711,경기,1341,25,1096
20200711,강원,67,3,56
20200711,충북,68,0,63
20200711,충남,181,0,159
20200711,전북,35,0,22
20200711,전남,32,0,19
20200711,경북,1393,54,1333
20200711,경남,145,0,133
20200711,제주,20,0,18
20200711,검역,821,0,635
20200712,서울,1416,9,1209
20200712,부산,156,3,148
20200712,대구,6926,189,6712
20200712,인천,360,2,330
20200712,광주,161,0,43
20200712,대전,159,2,85
20200712,울산,55,1,53
20200712,세종,50,0,50
20200712,경기,1358,26,1103
20200712,강원,67,3,57
20200712,충북,68,0,63
20200712,충남,181,0,159
20200712,전북,36,0,22
20200712,전남,32,0,19
20200712,경북,1393,54,1333
20200712,경남,146,0,133
20200712,제주,20,0,18
20200712,검역,833,0,641
20200713,서울,1429,9,1217
20200713,부산,156,3,148
20200713,대구,6927,189,6715
20200713,인천,363,2,332
20200713,광주,168,0,44
20200713,대전,159,2,85
20200713,울산,55,1,53
20200713,세종,50,0,50
20200713,경기,1369,26,1106
20200713,강원,69,3,57
20200713,충북,69,0,63
20200713,충남,185,0,163
20200713,전북,36,0,23
20200713,전남,32,0,20
20200713,경북,1393,54,1333
20200713,경남,148,0,134
20200713,제주,20,0,18
20200713,검역,851,0,643
20200714,서울,1436,9,1244
20200714,부산,156,3,148
20200714,대구,6927,189,6720
20200714,인천,363,2,335
20200714,광주,169,0,54
20200714,대전,160,2,87
20200714,울산,55,1,53
20200714,세종,50,0,50
20200714,경기,1378,26,1131
20200714,강원,69,3,57
20200714,충북,70,0,63
20200714,충남,185,0,165
20200714,전북,38,0,23
20200714,전남,32,0,20
20200714,경북,1393,54,1333
20200714,경남,148,0,134
20200714,제주,20,0,18
20200714,검역,863,0,647
20200715,서울,1442,9,1275
20200715,부산,156,3,148
20200715,대구,6927,189,6720
20200715,인천,364,2,336
20200715,광주,170,0,57
20200715,대전,163,2,91
20200715,울산,55,1,53
20200715,세종,50,0,50
20200715,경기,1383,26,1149
20200715,강원,69,3,58
20200715,충북,70,0,63
20200715,충남,185,0,167
20200715,전북,38,0,23
20200715,전남,32,0,20
20200715,경북,1393,54,1334
20200715,경남,148,0,134
20200715,제주,20,0,18
20200715,검역,886,0,652
20200716,서울,1449,9,1286
20200716,부산,156,3,148
20200716,대구,6929,189,6723
20200716,인천,367,2,336
20200716,광주,171,0,63
20200716,대전,164,2,96
20200716,울산,56,1,53
20200716,세종,50,0,50
20200716,경기,1404,28,1165
20200716,강원,72,3,58
20200716,충북,71,0,63
20200716,충남,185,0,167
20200716,전북,38,0,23
20200716,전남,32,0,20
20200716,경북,1393,54,1335
20200716,경남,149,0,134
20200716,제주,20,0,18
20200716,검역,906,0,658
20200717,서울,1458,9,1300
20200717,부산,156,3,148
20200717,대구,6929,189,6725
20200717,인천,367,2,341
20200717,광주,176,1,71
20200717,대전,165,2,99
20200717,울산,56,1,53
20200717,세종,50,0,50
20200717,경기,1419,29,1185
20200717,강원,72,3,58
20200717,충북,71,0,64
20200717,충남,185,0,169
20200717,전북,38,0,24
20200717,전남,32,0,21
20200717,경북,1393,54,1335
20200717,경남,151,0,134
20200717,제주,23,0,18
20200717,검역,931,0,665
20200718,서울,1464,9,1318
20200718,부산,157,3,149
20200718,대구,6932,190,6726
20200718,인천,369,2,342
20200718,광주,176,1,77
20200718,대전,165,2,108
20200718,울산,57,1,53
20200718,세종,50,0,50
20200718,경기,1429,29,1201
20200718,강원,72,3,58
20200718,충북,71,0,64
20200718,충남,185,0,170
20200718,전북,38,0,24
20200718,전남,33,0,21
20200718,경북,1393,54,1335
20200718,경남,153,0,134
20200718,제주,24,0,18
20200718,검역,943,0,671
20200719,서울,1474,10,1320
20200719,부산,157,3,149
20200719,대구,6932,190,6727
20200719,인천,370,2,345
20200719,광주,186,1,87
20200719,대전,166,2,111
20200719,울산,57,1,53
20200719,세종,50,0,50
20200719,경기,1433,29,1209
20200719,강원,72,3,58
20200719,충북,71,0,64
20200719,충남,185,0,170
20200719,전북,38,0,24
20200719,전남,33,0,21
20200719,경북,1393,54,1335
20200719,경남,153,0,139
20200719,제주,25,0,18
20200719,검역,950,0,676
20200720,서울,1477,10,1322
20200720,부산,157,3,149
20200720,대구,6934,190,6728
20200720,인천,372,2,348
20200720,광주,187,2,89
20200720,대전,166,2,111
20200720,울산,57,1,53
20200720,세종,50,0,50
20200720,경기,1434,29,1216
20200720,강원,72,3,58
20200720,충북,71,0,64
20200720,충남,186,0,170
20200720,전북,39,0,24
20200720,전남,35,0,21
20200720,경북,1394,54,1336
20200720,경남,155,0,139
20200720,제주,25,0,18
20200720,검역,960,0,676
20200721,서울,1498,10,1340
20200721,부산,157,3,149
20200721,대구,6936,190,6730
20200721,인천,372,2,349
20200721,광주,187,2,94
20200721,대전,166,2,122
20200721,울산,57,1,53
20200721,세종,50,0,50
20200721,경기,1436,29,1227
20200721,강원,72,3,58
20200721,충북,71,0,66
20200721,충남,186,0,174
20200721,전북,39,0,24
20200721,전남,35,0,21
20200721,경북,1395,54,1336
20200721,경남,155,0,142
20200721,제주,26,0,18
20200721,검역,978,0,690
20200722,서울,1514,11,1346
20200722,부산,157,3,149
20200722,대구,6937,190,6730
20200722,인천,377,2,349
20200722,광주,191,2,101
20200722,대전,166,2,135
20200722,울산,57,1,53
20200722,세종,50,0,50
20200722,경기,1451,29,1237
20200722,강원,72,3,59
20200722,충북,72,0,66
20200722,충남,187,0,179
20200722,전북,39,0,27
20200722,전남,35,0,21
20200722,경북,1395,54,1338
20200722,경남,156,0,142
20200722,제주,26,0,18
20200722,검역,997,0,698
20200723,서울,1526,11,1361
20200723,부산,159,3,150
20200723,대구,6937,190,6730
20200723,인천,380,2,352
20200723,광주,200,2,112
20200723,대전,166,2,139
20200723,울산,57,1,53
20200723,세종,50,0,50
20200723,경기,1479,29,1250
20200723,강원,72,3,59
20200723,충북,72,0,67
20200723,충남,187,0,179
20200723,전북,39,0,27
20200723,전남,35,0,23
20200723,경북,1395,54,1338
20200723,경남,156,0,144
20200723,제주,26,0,18
20200723,검역,1002,0,706
20200724,서울,1547,11,1368
20200724,부산,161,3,150
20200724,대구,6939,191,6730
20200724,인천,380,2,355
20200724,광주,202,2,115
20200724,대전,166,2,142
20200724,울산,57,1,53
20200724,세종,50,0,50
20200724,경기,1487,29,1260
20200724,강원,72,3,60
20200724,충북,72,0,67
20200724,충남,187,0,182
20200724,전북,39,0,27
20200724,전남,35,0,24
20200724,경북,1396,54,1338
20200724,경남,158,0,145
20200724,제주,26,0,18
20200724,검역,1005,0,733
20200725,서울,1558,11,1381
20200725,부산,166,3,151
20200725,대구,6939,191,6732
20200725,인천,380,2,357
20200725,광주,202,2,119
20200725,대전,166,2,146
20200725,울산,58,1,53
20200725,세종,50,0,50
20200725,경기,1501,29,1266
20200725,강원,72,3,62
20200725,충북,72,0,67
20200725,충남,187,0,182
20200725,전북,39,0,30
20200725,전남,36,0,24
20200725,경북,1396,54,1339
20200725,경남,158,0,145
20200725,제주,26,0,19
20200725,검역,1086,0,743
20200726,서울,1565,11,1383
20200726,부산,167,3,151
20200726,대구,6939,191,6732
20200726,인천,380,2,357
20200726,광주,203,2,122
20200726,대전,166,2,148
20200726,울산,58,1,53
20200726,세종,50,0,50
20200726,경기,1508,29,1277
20200726,강원,72,3,64
20200726,충북,72,0,67
20200726,충남,187,0,182
20200726,전북,39,0,30
20200726,전남,36,0,24
20200726,경북,1396,54,1339
20200726,경남,158,0,146
20200726,제주,26,0,19
20200726,검역,1128,0,746
20200727,서울,1574,11,1384
20200727,부산,168,3,151
20200727,대구,6939,191,6732
20200727,인천,380,2,357
20200727,광주,203,2,123
20200727,대전,166,2,149
20200727,울산,58,1,53
20200727,세종,50,0,50
20200727,경기,1514,29,1285
20200727,강원,72,3,64
20200727,충북,73,0,67
20200727,충남,188,1,183
20200727,전북,39,0,30
20200727,전남,36,0,24
20200727,경북,1396,54,1339
20200727,경남,158,0,146
20200727,제주,26,0,19
20200727,검역,1135,0,749
20200728,서울,1580,11,1400
20200728,부산,170,3,151
20200728,대구,6939,191,6737
20200728,인천,380,2,357
20200728,광주,203,2,127
20200728,대전,166,2,151
20200728,울산,58,1,53
20200728,세종,50,0,50
20200728,경기,1520,30,1291
20200728,강원,72,3,64
20200728,충북,73,0,67
20200728,충남,189,1,183
20200728,전북,39,0,31
20200728,전남,38,0,24
20200728,경북,1397,54,1339
20200728,경남,158,0,148
20200728,제주,26,0,19
20200728,검역,1145,0,815
20200729,서울,1589,11,1410
20200729,부산,171,3,151
20200729,대구,6939,191,6739
20200729,인천,383,2,359
20200729,광주,204,2,132
20200729,대전,166,2,153
20200729,울산,59,1,53
20200729,세종,50,0,50
20200729,경기,1531,30,1312
20200729,강원,72,3,65
20200729,충북,73,0,69
20200729,충남,189,1,183
20200729,전북,39,0,31
20200729,전남,38,0,24
20200729,경북,1398,54,1339
20200729,경남,158,0,148
20200729,제주,26,0,21
20200729,검역,1166,0,830
20200730,서울,1592,11,1417
20200730,부산,171,3,153
20200730,대구,6939,191,6741
20200730,인천,383,2,361
20200730,광주,204,2,133
20200730,대전,166,2,157
20200730,울산,59,1,53
20200730,세종,50,0,50
20200730,경기,1536,30,1321
20200730,강원,72,3,65
20200730,충북,73,0,70
20200730,충남,189,1,184
20200730,전북,39,0,32
20200730,전남,38,0,24
20200730,경북,1399,54,1339
20200730,경남,159,0,148
20200730,제주,26,0,21
20200730,검역,1174,0,863
20200731,서울,1600,11,1424
20200731,부산,171,3,154
20200731,대구,6940,191,6743
20200731,인천,383,2,366
20200731,광주,204,2,135
20200731,대전,166,2,157
20200731,울산,59,1,53
20200731,세종,50,0,50
20200731,경기,1546,31,1327
20200731,강원,74,3,67
20200731,충북,73,0,70
20200731,충남,190,1,185
20200731,전북,39,0,33
20200731,전남,38,0,24
20200731,경북,1401,54,1339
20200731,경남,159,0,149
20200731,제주,26,0,21
20200731,검역,1186,0,886
20200801,서울,1602,11,1434
20200801,부산,172,3,154
20200801,대구,6940,191,6745
20200801,인천,384,2,366
20200801,광주,204,2,142
20200801,대전,166,2,159
20200801,울산,59,1,53
20200801,세종,50,0,50
20200801,경기,1553,31,1336
20200801,강원,74,3,67
20200801,충북,73,0,70
20200801,충남,190,1,185
20200801,전북,39,0,33
20200801,전남,38,0,24
20200801,경북,1402,54,1339
20200801,경남,159,0,149
20200801,제주,26,0,21
20200801,검역,1205,0,906
20200802,서울,1607,11,1442
20200802,부산,173,3,154
20200802,대구,6942,191,6745
20200802,인천,384,2,366
20200802,광주,205,2,143
20200802,대전,166,2,159
20200802,울산,59,1,54
20200802,세종,50,0,50
20200802,경기,1556,31,1341
20200802,강원,74,3,67
20200802,충북,73,0,70
20200802,충남,190,1,185
20200802,전북,39,0,34
20200802,전남,38,0,24
20200802,경북,1403,54,1339
20200802,경남,159,0,153
20200802,제주,26,0,21
20200802,검역,1222,0,912
20200803,서울,1612,11,1449
20200803,부산,173,3,154
20200803,대구,6942,191,6745
20200803,인천,384,2,366
20200803,광주,205,2,146
20200803,대전,166,2,160
20200803,울산,59,1,54
20200803,세종,50,0,50
20200803,경기,1557,31,1342
20200803,강원,74,3,67
20200803,충북,73,0,70
20200803,충남,190,1,185
20200803,전북,39,0,35
20200803,전남,38,0,24
20200803,경북,1404,54,1339
20200803,경남,161,0,153
20200803,제주,26,0,21
20200803,검역,1236,0,920
20200804,서울,1621,11,1463
20200804,부산,174,3,154
20200804,대구,6942,191,6746
20200804,인천,385,2,366
20200804,광주,207,2,151
20200804,대전,166,2,160
20200804,울산,59,1,54
20200804,세종,50,0,50
20200804,경기,1568,31,1352
20200804,강원,74,3,67
20200804,충북,74,0,70
20200804,충남,190,1,185
20200804,전북,39,0,35
20200804,전남,39,0,24
20200804,경북,1405,54,1341
20200804,경남,161,0,155
20200804,제주,26,0,21
20200804,검역,1243,0,958
20200805,서울,1627,12,1475
20200805,부산,174,3,154
20200805,대구,6943,191,6746
20200805,인천,386,2,366
20200805,광주,208,2,156
20200805,대전,166,2,160
20200805,울산,59,1,56
20200805,세종,50,0,50
20200805,경기,1575,31,1358
20200805,강원,75,3,68
20200805,충북,80,0,70
20200805,충남,190,1,185
20200805,전북,39,0,36
20200805,전남,39,0,25
20200805,경북,1405,54,1341
20200805,경남,165,0,155
20200805,제주,26,0,21
20200805,검역,1249,0,984
20200806,서울,1636,12,1488
20200806,부산,177,3,154
20200806,대구,6943,191,6746
20200806,인천,386,2,368
20200806,광주,208,2,164
20200806,대전,166,2,160
20200806,울산,59,1,56
20200806,세종,50,0,50
20200806,경기,1588,31,1397
20200806,강원,77,3,68
20200806,충북,81,0,71
20200806,충남,192,1,187
20200806,전북,39,0,36
20200806,전남,41,0,25
20200806,경북,1409,54,1341
20200806,경남,166,0,156
20200806,제주,26,0,21
20200806,검역,1255,0,1013
20200807,서울,1645,13,1502
20200807,부산,177,3,154
20200807,대구,6943,191,6747
20200807,인천,386,2,368
20200807,광주,208,2,168
20200807,대전,166,2,161
20200807,울산,59,1,56
20200807,세종,50,0,50
20200807,경기,1593,31,1409
20200807,강원,77,3,68
20200807,충북,81,0,71
20200807,충남,192,1,187
20200807,전북,39,0,37
20200807,전남,41,0,25
20200807,경북,1410,54,1342
20200807,경남,166,0,156
20200807,제주,26,0,21
20200807,검역,1260,0,1021
20200808,서울,1662,13,1514
20200808,부산,177,3,154
20200808,대구,6944,191,6748
20200808,인천,388,2,372
20200808,광주,208,2,171
20200808,대전,166,2,162
20200808,울산,59,1,56
20200808,세종,50,0,50
20200808,경기,1611,32,1428
20200808,강원,77,3,68
20200808,충북,81,0,71
20200808,충남,192,1,188
20200808,전북,39,0,37
20200808,전남,41,0,26
20200808,경북,1410,54,1342
20200808,경남,166,0,157
20200808,제주,26,0,21
20200808,검역,1265,0,1064
20200809,서울,1675,13,1515
20200809,부산,177,3,154
20200809,대구,6945,191,6748
20200809,인천,389,3,371
20200809,광주,210,2,173
20200809,대전,166,2,162
20200809,울산,60,1,56
20200809,세종,50,0,50
20200809,경기,1626,32,1432
20200809,강원,77,3,68
20200809,충북,82,0,71
20200809,충남,193,1,188
20200809,전북,39,0,37
20200809,전남,41,0,26
20200809,경북,1410,54,1342
20200809,경남,166,0,157
20200809,제주,26,0,22
20200809,검역,1266,0,1070
20200810,서울,1688,13,1516
20200810,부산,178,3,157
20200810,대구,6945,191,6748
20200810,인천,389,3,371
20200810,광주,210,2,176
20200810,대전,166,2,162
20200810,울산,60,1,56
20200810,세종,50,0,50
20200810,경기,1632,32,1435
20200810,강원,77,3,68
20200810,충북,82,0,71
20200810,충남,193,1,188
20200810,전북,39,0,37
20200810,전남,42,0,27
20200810,경북,1411,54,1342
20200810,경남,166,0,157
20200810,제주,26,0,22
20200810,검역,1272,0,1075
20200811,서울,1694,13,1534
20200811,부산,187,3,158
20200811,대구,6945,191,6748
20200811,인천,389,3,371
20200811,광주,210,2,180
20200811,대전,166,2,164
20200811,울산,60,1,56
20200811,세종,50,0,50
20200811,경기,1645,32,1439
20200811,강원,77,3,68
20200811,충북,82,0,71
20200811,충남,195,1,189
20200811,전북,40,0,37
20200811,전남,42,0,29
20200811,경북,1411,54,1345
20200811,경남,166,0,157
20200811,제주,26,0,22
20200811,검역,1275,0,1111
20200812,서울,1709,13,1549
20200812,부산,191,3,160
20200812,대구,6945,191,6748
20200812,인천,389,3,374
20200812,광주,216,2,186
20200812,대전,167,2,164
20200812,울산,60,1,56
20200812,세종,50,0,50
20200812,경기,1664,32,1458
20200812,강원,77,3,68
20200812,충북,82,0,71
20200812,충남,196,1,189
20200812,전북,40,0,37
20200812,전남,42,0,29
20200812,경북,1411,54,1345
20200812,경남,166,0,157
20200812,제주,26,0,22
20200812,검역,1283,0,1123
20200813,서울,1735,13,1556
20200813,부산,193,3,160
20200813,대구,6946,191,6749
20200813,인천,389,3,374
20200813,광주,218,2,187
20200813,대전,167,2,164
20200813,울산,61,1,56
20200813,세종,50,0,50
20200813,경기,1681,32,1463
20200813,강원,77,3,70
20200813,충북,82,0,73
20200813,충남,197,1,189
20200813,전북,42,0,37
20200813,전남,42,0,31
20200813,경북,1411,54,1346
20200813,경남,167,0,157
20200813,제주,26,0,22
20200813,검역,1286,0,1133
20200814,서울,1767,13,1564
20200814,부산,198,3,160
20200814,대구,6946,191,6749
20200814,인천,393,3,379
20200814,광주,220,2,191
20200814,대전,167,2,164
20200814,울산,62,1,56
20200814,세종,50,0,50
20200814,경기,1728,32,1479
20200814,강원,78,3,70
20200814,충북,82,0,73
20200814,충남,200,1,189
20200814,전북,42,0,37
20200814,전남,42,0,31
20200814,경북,1412,54,1346
20200814,경남,167,0,159
20200814,제주,26,0,22
20200814,검역,1293,0,1144
20200815,서울,1841,13,1571
20200815,부산,201,3,162
20200815,대구,6946,191,6751
20200815,인천,399,3,380
20200815,광주,221,2,194
20200815,대전,168,2,164
20200815,울산,62,1,56
20200815,세종,50,0,50
20200815,경기,1800,32,1483
20200815,강원,81,3,72
20200815,충북,82,0,73
20200815,충남,202,1,189
20200815,전북,43,0,38
20200815,전남,42,0,32
20200815,경북,1412,54,1346
20200815,경남,168,0,159
20200815,제주,26,0,23
20200815,검역,1295,0,1158
20200816,서울,1987,13,1571
20200816,부산,208,3,162
20200816,대구,6947,191,6751
20200816,인천,408,3,380
20200816,광주,228,2,196
20200816,대전,168,2,164
20200816,울산,65,1,56
20200816,세종,50,0,50
20200816,경기,1898,32,1484
20200816,강원,81,3,72
20200816,충북,83,0,73
20200816,충남,207,1,190
20200816,전북,43,0,38
20200816,전남,42,0,32
20200816,경북,1412,54,1348
20200816,경남,170,0,160
20200816,제주,26,0,23
20200816,검역,1295,0,1160
20200817,서울,2077,13,1571
20200817,부산,215,3,162
20200817,대구,6948,191,6752
20200817,인천,415,3,380
20200817,광주,235,2,197
20200817,대전,170,2,164
20200817,울산,65,1,56
20200817,세종,50,0,50
20200817,경기,1968,32,1485
20200817,강원,82,3,72
20200817,충북,86,0,73
20200817,충남,211,1,191
20200817,전북,44,0,38
20200817,전남,42,0,32
20200817,경북,1414,54,1348
20200817,경남,170,0,161
20200817,제주,26,0,23
20200817,검역,1297,0,1162
20200818,서울,2209,14,1573
20200818,부산,222,3,163
20200818,대구,6954,191,6752
20200818,인천,433,3,381
20200818,광주,239,2,198
20200818,대전,170,2,164
20200818,울산,68,1,56
20200818,세종,50,0,50
20200818,경기,2020,32,1488
20200818,강원,84,3,72
20200818,충북,87,0,73
20200818,충남,216,1,191
20200818,전북,51,0,38
20200818,전남,42,0,32
20200818,경북,1417,54,1351
20200818,경남,170,0,163
20200818,제주,26,0,23
20200818,검역,1303,0,1166
20200819,서울,2360,14,1588
20200819,부산,231,3,164
20200819,대구,6956,191,6752
20200819,인천,441,3,381
20200819,광주,245,2,200
20200819,대전,170,2,164
20200819,울산,68,1,56
20200819,세종,52,0,50
20200819,경기,2119,32,1502
20200819,강원,90,3,74
20200819,충북,89,0,77
20200819,충남,219,1,191
20200819,전북,52,0,38
20200819,전남,44,0,32
20200819,경북,1420,54,1353
20200819,경남,171,0,165
20200819,제주,26,0,24
20200819,검역,1305,0,1195
20200820,서울,2495,15,1601
20200820,부산,246,3,166
20200820,대구,6959,191,6752
20200820,인천,451,3,382
20200820,광주,246,2,207
20200820,대전,178,2,164
20200820,울산,68,1,57
20200820,세종,53,0,50
20200820,경기,2204,32,1518
20200820,강원,95,3,74
20200820,충북,90,0,78
20200820,충남,224,1,191
20200820,전북,58,0,38
20200820,전남,47,0,35
20200820,경북,1425,54,1354
20200820,경남,174,0,165
20200820,제주,26,0,24
20200820,검역,1307,0,1207
20200821,서울,2621,16,1622
20200821,부산,254,3,167
20200821,대구,6963,191,6752
20200821,인천,469,3,383
20200821,광주,251,2,207
20200821,대전,185,2,164
20200821,울산,69,1,57
20200821,세종,56,0,50
20200821,경기,2307,33,1533
20200821,강원,104,3,74
20200821,충북,93,0,78
20200821,충남,237,1,192
20200821,전북,63,0,38
20200821,전남,53,0,35
20200821,경북,1431,54,1354
20200821,경남,178,0,165
20200821,제주,26,0,24
20200821,검역,1310,0,1225
20200822,서울,2749,16,1639
20200822,부산,257,3,172
20200822,대구,6972,191,6753
20200822,인천,491,3,384
20200822,광주,262,2,208
20200822,대전,190,2,164
20200822,울산,72,1,58
20200822,세종,57,0,50
20200822,경기,2402,33,1550
20200822,강원,120,3,74
20200822,충북,95,0,78
20200822,충남,244,1,192
20200822,전북,67,0,38
20200822,전남,60,0,38
20200822,경북,1435,54,1354
20200822,경남,187,0,165
20200822,제주,28,0,25
20200822,검역,1314,0,1227
20200823,서울,2889,16,1639
20200823,부산,259,3,173
20200823,대구,6978,191,6753
20200823,인천,523,3,385
20200823,광주,279,2,212
20200823,대전,205,2,164
20200823,울산,75,1,58
20200823,세종,57,0,50
20200823,경기,2527,33,1567
20200823,강원,135,3,74
20200823,충북,98,0,79
20200823,충남,254,1,195
20200823,전북,67,0,38
20200823,전남,74,0,39
20200823,경북,1437,54,1355
20200823,경남,196,0,166
20200823,제주,28,0,25
20200823,검역,1318,0,1228
20200824,서울,2986,16,1639
20200824,부산,262,3,173
20200824,대구,6978,191,6754
20200824,인천,543,3,385
20200824,광주,280,2,214
20200824,대전,215,2,164
20200824,울산,76,1,58
20200824,세종,60,0,50
20200824,경기,2612,33,1579
20200824,강원,141,3,74
20200824,충북,108,0,79
20200824,충남,262,1,196
20200824,전북,71,0,39
20200824,전남,81,0,39
20200824,경북,1443,54,1355
20200824,경남,197,0,166
20200824,제주,28,0,25
20200824,검역,1322,0,1230
20200825,서울,3120,16,1671
20200825,부산,265,3,173
20200825,대구,6983,191,6755
20200825,인천,558,3,385
20200825,광주,284,2,214
20200825,대전,226,2,164
20200825,울산,76,1,59
20200825,세종,63,0,50
20200825,경기,2684,33,1598
20200825,강원,149,3,74
20200825,충북,110,1,79
20200825,충남,271,1,197
20200825,전북,75,0,39
20200825,전남,82,0,39
20200825,경북,1444,54,1355
20200825,경남,199,0,166
20200825,제주,31,0,25
20200825,검역,1325,0,1243
20200826,서울,3232,17,1699
20200826,부산,269,3,180
20200826,대구,6986,191,6755
20200826,인천,585,3,385
20200826,광주,291,2,216
20200826,대전,233,2,164
20200826,울산,78,1,60
20200826,세종,63,0,50
20200826,경기,2782,34,1629
20200826,강원,167,3,77
20200826,충북,110,1,79
20200826,충남,283,1,200
20200826,전북,82,0,39
20200826,전남,95,0,39
20200826,경북,1444,54,1356
20200826,경남,204,0,166
20200826,제주,33,0,25
20200826,검역,1328,0,1249
20200827,서울,3386,17,1733
20200827,부산,277,3,185
20200827,대구,6999,191,6755
20200827,인천,644,3,386
20200827,광주,330,2,218
20200827,대전,236,2,164
20200827,울산,80,1,61
20200827,세종,63,0,50
20200827,경기,2884,35,1670
20200827,강원,181,3,78
20200827,충북,111,1,80
20200827,충남,298,1,201
20200827,전북,84,0,39
20200827,전남,108,0,39
20200827,경북,1448,54,1356
20200827,경남,212,0,166
20200827,제주,34,0,25
20200827,검역,1331,0,1255
20200828,서울,3532,19,1762
20200828,부산,285,3,191
20200828,대구,7007,191,6755
20200828,인천,671,3,392
20200828,광주,347,2,220
20200828,대전,239,2,164
20200828,울산,81,1,61
20200828,세종,65,0,50
20200828,경기,2997,36,1706
20200828,강원,184,3,78
20200828,충북,116,1,81
20200828,충남,307,1,201
20200828,전북,86,0,41
20200828,전남,120,0,40
20200828,경북,1449,54,1356
20200828,경남,216,0,166
20200828,제주,36,0,25
20200828,검역,1339,0,1262
20200829,서울,3657,20,1887
20200829,부산,291,3,193
20200829,대구,7013,191,6755
20200829,인천,691,3,396
20200829,광주,363,2,220
20200829,대전,243,2,165
20200829,울산,81,1,63
20200829,세종,65,0,51
20200829,경기,3101,40,1778
20200829,강원,184,3,78
20200829,충북,122,1,81
20200829,충남,315,1,204
20200829,전북,86,0,41
20200829,전남,129,0,40
20200829,경북,1450,54,1356
20200829,경남,228,0,166
20200829,제주,37,0,26
20200829,검역,1344,0,1265
20200830,서울,3773,22,1888
20200830,부산,297,3,204
20200830,대구,7043,191,6756
20200830,인천,704,3,414
20200830,광주,365,2,236
20200830,대전,249,2,166
20200830,울산,84,1,63
20200830,세종,66,0,52
20200830,경기,3181,40,1858
20200830,강원,186,3,81
20200830,충북,127,1,83
20200830,충남,323,1,205
20200830,전북,86,0,41
20200830,전남,137,0,42
20200830,경북,1453,54,1356
20200830,경남,235,0,166
20200830,제주,39,0,26
20200830,검역,1351,0,1266
20200831,서울,3867,23,1899
20200831,부산,301,3,211
20200831,대구,7047,191,6757
20200831,인천,718,3,414
20200831,광주,374,2,237
20200831,대전,256,2,167
20200831,울산,89,1,63
20200831,세종,67,0,52
20200831,경기,3260,40,1906
20200831,강원,189,3,81
20200831,충북,128,1,83
20200831,충남,332,1,205
20200831,전북,87,0,41
20200831,전남,142,0,42
20200831,경북,1455,54,1356
20200831,경남,236,0,166
20200831,제주,45,0,26
20200831,검역,1354,0,1267
20200901,서울,3961,23,2001
20200901,부산,304,3,219
20200901,대구,7049,191,6759
20200901,인천,740,3,414
20200901,광주,378,2,237
20200901,대전,264,2,171
20200901,울산,95,1,63
20200901,세종,67,0,52
20200901,경기,3323,40,1990
20200901,강원,193,3,88
20200901,충북,129,1,83
20200901,충남,339,1,214
20200901,전북,87,0,41
20200901,전남,146,0,42
20200901,경북,1464,54,1357
20200901,경남,239,0,171
20200901,제주,46,0,26
20200901,검역,1358,0,1270
20200902,서울,4062,24,2048
20200902,부산,311,3,219
20200902,대구,7062,191,6763
20200902,인천,751,3,427
20200902,광주,388,2,244
20200902,대전,278,2,178
20200902,울산,100,1,63
20200902,세종,67,0,52
20200902,경기,3407,41,2052
20200902,강원,195,3,92
20200902,충북,130,1,85
20200902,충남,346,1,215
20200902,전북,87,0,46
20200902,전남,149,0,43
20200902,경북,1468,54,1359
20200902,경남,240,0,173
20200902,제주,47,0,27
20200902,검역,1361,0,1270
20200903,서울,4131,24,2111
20200903,부산,315,4,219
20200903,대구,7065,191,6766
20200903,인천,767,3,436
20200903,광주,394,2,257
20200903,대전,282,3,180
20200903,울산,108,1,66
20200903,세종,67,0,52
20200903,경기,3471,42,2117
20200903,강원,199,3,96
20200903,충북,131,1,87
20200903,충남,353,1,217
20200903,전북,87,0,48
20200903,전남,155,0,43
20200903,경북,1468,54,1360
20200903,경남,240,0,176
20200903,제주,47,0,27
20200903,검역,1364,0,1271
20200904,서울,4201,24,2176
20200904,부산,319,4,219
20200904,대구,7072,191,6769
20200904,인천,770,3,448
20200904,광주,405,2,268
20200904,대전,286,3,190
20200904,울산,111,1,67
20200904,세종,67,0,55
20200904,경기,3527,44,2210
20200904,강원,202,3,120
20200904,충북,135,1,87
20200904,충남,374,1,225
20200904,전북,87,0,50
20200904,전남,156,0,45
20200904,경북,1472,54,1364
20200904,경남,243,0,181
20200904,제주,47,0,27
20200904,검역,1368,0,1282
20200905,서울,4251,25,2220
20200905,부산,329,4,236
20200905,대구,7077,191,6783
20200905,인천,784,3,478
20200905,광주,413,2,271
20200905,대전,288,3,197
20200905,울산,112,1,67
20200905,세종,67,0,58
20200905,경기,3578,45,2277
20200905,강원,205,3,127
20200905,충북,139,1,94
20200905,충남,378,1,230
20200905,전북,89,0,53
20200905,전남,156,0,47
20200905,경북,1473,54,1374
20200905,경남,251,0,188
20200905,제주,48,0,27
20200905,검역,1372,0,1282
20200906,서울,4314,26,2225
20200906,부산,331,4,243
20200906,대구,7082,191,6785
20200906,인천,796,3,492
20200906,광주,420,2,274
20200906,대전,293,3,197
20200906,울산,113,1,69
20200906,세종,67,0,58
20200906,경기,3625,45,2359
20200906,강원,210,3,133
20200906,충북,141,1,99
20200906,충남,380,1,232
20200906,전북,90,0,53
20200906,전남,159,0,47
20200906,경북,1475,54,1376
20200906,경남,257,0,194
20200906,제주,48,0,27
20200906,검역,1376,0,1283
20200907,서울,4362,28,2266
20200907,부산,340,4,244
20200907,대구,7084,191,6790
20200907,인천,797,3,505
20200907,광주,429,2,281
20200907,대전,298,3,210
20200907,울산,116,1,69
20200907,세종,67,0,58
20200907,경기,3656,45,2415
20200907,강원,210,3,136
20200907,충북,141,1,100
20200907,충남,383,1,238
20200907,전북,91,0,55
20200907,전남,159,0,47
20200907,경북,1475,54,1379
20200907,경남,260,0,194
20200907,제주,48,0,27
20200907,검역,1380,0,1283
20200908,서울,4429,32,2437
20200908,부산,341,4,248
20200908,대구,7086,191,6804
20200908,인천,799,3,527
20200908,광주,442,2,288
20200908,대전,302,3,215
20200908,울산,119,1,70
20200908,세종,68,0,60
20200908,경기,3687,46,2497
20200908,강원,210,3,145
20200908,충북,142,1,103
20200908,충남,383,1,242
20200908,전북,94,0,59
20200908,전남,160,0,47
20200908,경북,1478,54,1382
20200908,경남,260,0,198
20200908,제주,48,0,27
20200908,검역,1384,0,1287
20200909,서울,4478,32,2643
20200909,부산,343,4,260
20200909,대구,7088,191,6804
20200909,인천,800,3,529
20200909,광주,459,2,297
20200909,대전,310,3,218
20200909,울산,123,1,73
20200909,세종,70,0,60
20200909,경기,3742,49,2613
20200909,강원,210,3,154
20200909,충북,143,1,103
20200909,충남,391,1,252
20200909,전북,95,0,65
20200909,전남,161,0,48
20200909,경북,1478,54,1385
20200909,경남,261,0,202
20200909,제주,48,0,27
20200909,검역,1388,0,1290
20200910,서울,4526,32,2762
20200910,부산,344,4,266
20200910,대구,7089,191,6820
20200910,인천,805,3,577
20200910,광주,464,2,303
20200910,대전,321,3,229
20200910,울산,127,1,75
20200910,세종,70,0,61
20200910,경기,3792,51,2701
20200910,강원,212,3,158
20200910,충북,146,1,108
20200910,충남,403,1,264
20200910,전북,96,0,68
20200910,전남,163,0,50
20200910,경북,1481,54,1386
20200910,경남,262,0,208
20200910,제주,50,0,29
20200910,검역,1392,0,1295
20200911,서울,4589,34,2837
20200911,부산,347,4,271
20200911,대구,7090,191,6823
20200911,인천,813,3,610
20200911,광주,472,2,321
20200911,대전,332,3,233
20200911,울산,132,1,79
20200911,세종,70,0,62
20200911,경기,3839,53,2776
20200911,강원,212,3,165
20200911,충북,147,1,109
20200911,충남,417,1,274
20200911,전북,96,0,68
20200911,전남,165,0,54
20200911,경북,1483,54,1388
20200911,경남,262,0,208
20200911,제주,52,0,30
20200911,검역,1401,0,1308
20200912,서울,4639,35,3071
20200912,부산,351,4,280
20200912,대구,7094,191,6834
20200912,인천,821,3,628
20200912,광주,475,3,322
20200912,대전,339,3,241
20200912,울산,133,1,81
20200912,세종,70,0,62
20200912,경기,3871,55,2866
20200912,강원,215,3,169
20200912,충북,147,1,110
20200912,충남,423,2,275
20200912,전북,97,0,69
20200912,전남,166,0,58
20200912,경북,1485,54,1391
20200912,경남,265,0,227
20200912,제주,53,0,33
20200912,검역,1411,0,1312
20200913,서울,4670,38,3112
20200913,부산,354,4,287
20200913,대구,7108,191,6834
20200913,인천,824,3,636
20200913,광주,478,3,348
20200913,대전,341,3,244
20200913,울산,140,1,85
20200913,세종,70,0,62
20200913,경기,3903,55,2951
20200913,강원,216,3,173
20200913,충북,147,1,113
20200913,충남,434,2,287
20200913,전북,99,0,69
20200913,전남,166,0,58
20200913,경북,1487,54,1393
20200913,경남,268,0,227
20200913,제주,53,0,35
20200913,검역,1418,0,1312
20200914,서울,4711,40,3276
20200914,부산,357,4,290
20200914,대구,7112,191,6843
20200914,인천,834,5,636
20200914,광주,481,3,348
20200914,대전,342,3,255
20200914,울산,141,1,87
20200914,세종,70,0,62
20200914,경기,3933,56,3005
20200914,강원,216,3,175
20200914,충북,147,1,114
20200914,충남,442,2,296
20200914,전북,100,0,69
20200914,전남,166,0,58
20200914,경북,1488,54,1394
20200914,경남,269,0,233
20200914,제주,53,0,35
20200914,검역,1423,0,1313
20200915,서울,4743,42,3493
20200915,부산,361,4,295
20200915,대구,7112,192,6845
20200915,인천,843,6,650
20200915,광주,482,3,361
20200915,대전,345,3,257
20200915,울산,141,1,97
20200915,세종,70,0,62
20200915,경기,3972,56,3094
20200915,강원,217,3,176
20200915,충북,149,1,116
20200915,충남,445,2,296
20200915,전북,101,0,72
20200915,전남,166,0,74
20200915,경북,1489,54,1397
20200915,경남,271,0,237
20200915,제주,56,0,40
20200915,검역,1428,0,1316
20200916,서울,4794,42,3694
20200916,부산,365,4,298
20200916,대구,7116,192,6848
20200916,인천,852,6,712
20200916,광주,484,3,373
20200916,대전,346,3,266
20200916,울산,141,1,102
20200916,세종,70,0,63
20200916,경기,3998,56,3174
20200916,강원,217,3,180
20200916,충북,151,1,117
20200916,충남,447,2,316
20200916,전북,106,0,76
20200916,전남,166,0,82
20200916,경북,1491,54,1404
20200916,경남,274,0,239
20200916,제주,56,0,44
20200916,검역,1430,0,1322
20200917,서울,4857,43,3748
20200917,부산,367,4,306
20200917,대구,7118,192,6852
20200917,인천,859,7,733
20200917,광주,485,3,386
20200917,대전,348,3,279
20200917,울산,141,1,105
20200917,세종,70,0,63
20200917,경기,4052,58,3251
20200917,강원,217,3,183
20200917,충북,151,1,123
20200917,충남,457,2,324
20200917,전북,106,0,78
20200917,전남,167,0,93
20200917,경북,1497,55,1405
20200917,경남,277,0,241
20200917,제주,56,0,45
20200917,검역,1432,0,1328
20200918,서울,4904,46,3841
20200918,부산,369,4,311
20200918,대구,7120,192,6859
20200918,인천,865,8,738
20200918,광주,485,3,400
20200918,대전,350,3,287
20200918,울산,141,1,108
20200918,세종,70,0,64
20200918,경기,4089,59,3296
20200918,강원,217,3,188
20200918,충북,154,1,126
20200918,충남,463,2,335
20200918,전북,114,0,79
20200918,전남,167,0,100
20200918,경북,1502,55,1407
20200918,경남,281,0,246
20200918,제주,58,0,45
20200918,검역,1434,0,1341
20200919,서울,4944,46,3888
20200919,부산,371,4,316
20200919,대구,7122,192,6867
20200919,인천,876,8,757
20200919,광주,485,3,412
20200919,대전,352,3,290
20200919,울산,141,2,108
20200919,세종,70,0,64
20200919,경기,4130,59,3355
20200919,강원,217,3,192
20200919,충북,155,1,131
20200919,충남,467,2,339
20200919,전북,115,0,85
20200919,전남,167,0,110
20200919,경북,1506,55,1410
20200919,경남,282,0,250
20200919,제주,58,0,45
20200919,검역,1435,0,1351
20200920,서울,4972,47,3961
20200920,부산,377,4,320
20200920,대구,7124,193,6872
20200920,인천,879,8,761
20200920,광주,485,3,422
20200920,대전,354,3,291
20200920,울산,142,2,116
20200920,세종,70,0,64
20200920,경기,4156,62,3416
20200920,강원,217,3,194
20200920,충북,156,1,133
20200920,충남,468,2,346
20200920,전북,115,0,87
20200920,전남,167,0,115
20200920,경북,1511,55,1410
20200920,경남,283,0,252
20200920,제주,58,0,45
20200920,검역,1441,0,1353
20200921,서울,4995,48,3985
20200921,부산,385,4,324
20200921,대구,7125,193,6873
20200921,인천,881,8,764
20200921,광주,486,3,423
20200921,대전,356,3,291
20200921,울산,142,2,117
20200921,세종,70,0,64
20200921,경기,4174,63,3457
20200921,강원,217,3,195
20200921,충북,158,1,136
20200921,충남,468,2,348
20200921,전북,115,0,88
20200921,전남,167,0,118
20200921,경북,1512,55,1411
20200921,경남,285,0,254
20200921,제주,58,0,45
20200921,검역,1451,0,1355
20200922,서울,5016,49,4034
20200922,부산,390,4,325
20200922,대구,7125,193,6874
20200922,인천,883,8,768
20200922,광주,486,3,432
20200922,대전,356,3,298
20200922,울산,143,2,124
20200922,세종,71,0,64
20200922,경기,4194,65,3551
20200922,강원,219,3,195
20200922,충북,160,1,137
20200922,충남,468,2,353
20200922,전북,115,0,89
20200922,전남,167,0,120
20200922,경북,1516,55,1420
20200922,경남,286,0,255
20200922,제주,58,0,45
20200922,검역,1453,0,1357
20200923,서울,5056,49,4110
20200923,부산,397,4,327
20200923,대구,7128,193,6885
20200923,인천,888,8,772
20200923,광주,488,3,441
20200923,대전,356,3,302
20200923,울산,145,2,127
20200923,세종,71,0,65
20200923,경기,4224,65,3613
20200923,강원,220,3,203
20200923,충북,162,1,137
20200923,충남,473,2,358
20200923,전북,116,0,91
20200923,전남,167,0,129
20200923,경북,1522,55,1420
20200923,경남,286,0,257
20200923,제주,58,0,47
20200923,검역,1459,0,1366
20200924,서울,5095,50,4173
20200924,부산,404,4,332
20200924,대구,7129,193,6888
20200924,인천,898,8,776
20200924,광주,488,3,451
20200924,대전,357,3,309
20200924,울산,145,2,131
20200924,세종,74,0,65
20200924,경기,4272,68,3667
20200924,강원,222,3,204
20200924,충북,164,1,139
20200924,충남,474,3,369
20200924,전북,117,0,92
20200924,전남,168,0,134
20200924,경북,1524,55,1423
20200924,경남,287,0,259
20200924,제주,59,0,49
20200924,검역,1464,0,1371
20200925,서울,5152,52,4228
20200925,부산,407,4,335
20200925,대구,7129,193,6899
20200925,인천,901,8,785
20200925,광주,490,3,463
20200925,대전,357,3,310
20200925,울산,145,2,132
20200925,세종,75,0,65
20200925,경기,4299,68,3700
20200925,강원,223,3,206
20200925,충북,167,1,140
20200925,충남,475,3,379
20200925,전북,120,0,93
20200925,전남,168,0,135
20200925,경북,1530,55,1425
20200925,경남,288,0,261
20200925,제주,59,0,50
20200925,검역,1470,0,1372
20200926,서울,5178,53,4316
20200926,부산,409,4,342
20200926,대구,7130,194,6909
20200926,인천,902,8,792
20200926,광주,490,3,469
20200926,대전,358,3,310
20200926,울산,145,2,132
20200926,세종,75,0,65
20200926,경기,4313,69,3748
20200926,강원,223,3,208
20200926,충북,167,1,141
20200926,충남,475,4,385
20200926,전북,123,0,93
20200926,전남,168,0,140
20200926,경북,1533,55,1426
20200926,경남,289,0,265
20200926,제주,59,0,52
20200926,검역,1479,0,1373
20200927,서울,5212,53,4326
20200927,부산,412,4,347
20200927,대구,7130,194,6912
20200927,인천,911,8,795
20200927,광주,492,3,473
20200927,대전,358,3,313
20200927,울산,145,2,134
20200927,세종,76,0,67
20200927,경기,4334,70,3775
20200927,강원,223,3,208
20200927,충북,169,1,141
20200927,충남,477,4,393
20200927,전북,125,0,93
20200927,전남,169,1,149
20200927,경북,1539,55,1427
20200927,경남,290,0,266
20200927,제주,59,0,52
20200927,검역,1490,0,1377
20200928,서울,5231,54,4330
20200928,부산,413,4,347
20200928,대구,7130,194,6912
20200928,인천,912,8,798
20200928,광주,492,3,473
20200928,대전,358,4,316
20200928,울산,146,2,134
20200928,세종,76,0,67
20200928,경기,4348,72,3798
20200928,강원,224,3,209
20200928,충북,170,1,142
20200928,충남,477,5,400
20200928,전북,125,0,95
20200928,전남,169,1,148
20200928,경북,1543,55,1427
20200928,경남,291,0,266
20200928,제주,59,0,52
20200928,검역,1497,0,1378
20200929,서울,5242,54,4401
20200929,부산,416,4,351
20200929,대구,7130,194,6914
20200929,인천,912,8,813
20200929,광주,492,3,474
20200929,대전,358,4,318
20200929,울산,146,2,135
20200929,세종,76,0,67
20200929,경기,4358,73,3855
20200929,강원,224,3,212
20200929,충북,171,1,143
20200929,충남,479,5,404
20200929,전북,125,0,96
20200929,전남,169,1,149
20200929,경북,1545,55,1432
20200929,경남,291,0,269
20200929,제주,59,0,55
20200929,검역,1506,0,1382
20200930,서울,5293,56,4415
20200930,부산,421,4,351
20200930,대구,7132,194,6916
20200930,인천,916,8,822
20200930,광주,495,3,476
20200930,대전,360,4,322
20200930,울산,147,2,137
20200930,세종,76,0,67
20200930,경기,4384,74,3898
20200930,강원,224,3,212
20200930,충북,171,1,144
20200930,충남,484,6,417
20200930,전북,128,0,106
20200930,전남,169,2,153
20200930,경북,1551,56,1441
20200930,경남,291,0,273
20200930,제주,59,0,55
20200930,검역,1511,0,1385
20201001,서울,5323,57,4433
20201001,부산,427,4,361
20201001,대구,7133,195,6917
20201001,인천,919,8,825
20201001,광주,495,3,477
20201001,대전,360,4,326
20201001,울산,147,2,137
20201001,세종,76,0,67
20201001,경기,4405,74,3921
20201001,강원,224,3,212
20201001,충북,172,1,144
20201001,충남,487,6,422
20201001,전북,128,0,107
20201001,전남,170,2,155
20201001,경북,1556,56,1445
20201001,경남,291,0,276
20201001,제주,59,0,55
20201001,검역,1517,0,1386
20201002,서울,5334,57,4445
20201002,부산,445,4,362
20201002,대구,7133,195,6917
20201002,인천,923,8,827
20201002,광주,495,3,478
20201002,대전,360,4,333
20201002,울산,147,2,137
20201002,세종,76,0,68
20201002,경기,4424,75,3948
20201002,강원,224,3,212
20201002,충북,172,1,144
20201002,충남,488,6,425
20201002,전북,128,0,111
20201002,전남,170,2,156
20201002,경북,1560,56,1448
20201002,경남,291,0,278
20201002,제주,59,0,55
20201002,검역,1523,0,1389
20201003,서울,5360,59,4456
20201003,부산,453,4,366
20201003,대구,7133,195,6917
20201003,인천,930,8,830
20201003,광주,495,3,478
20201003,대전,362,4,333
20201003,울산,147,2,139
20201003,세종,76,0,68
20201003,경기,4434,77,3976
20201003,강원,224,3,212
20201003,충북,173,1,144
20201003,충남,489,6,428
20201003,전북,129,0,111
20201003,전남,173,2,156
20201003,경북,1562,56,1449
20201003,경남,291,0,279
20201003,제주,59,0,56
20201003,검역,1537,0,1389
20201004,서울,5376,60,4466
20201004,부산,458,4,374
20201004,대구,7135,195,6918
20201004,인천,936,8,831
20201004,광주,496,3,481
20201004,대전,364,4,333
20201004,울산,148,2,140
20201004,세종,76,0,68
20201004,경기,4450,77,4004
20201004,강원,224,3,212
20201004,충북,175,1,144
20201004,충남,489,6,428
20201004,전북,129,0,112
20201004,전남,173,2,156
20201004,경북,1566,56,1452
20201004,경남,291,0,281
20201004,제주,59,0,56
20201004,검역,1546,0,1389
20201005,서울,5395,61,4475
20201005,부산,463,4,375
20201005,대구,7136,195,6920
20201005,인천,941,8,836
20201005,광주,496,3,481
20201005,대전,365,4,334
20201005,울산,152,2,140
20201005,세종,77,0,68
20201005,경기,4477,77,4021
20201005,강원,224,3,212
20201005,충북,176,1,144
20201005,충남,491,6,431
20201005,전북,132,0,112
20201005,전남,173,2,156
20201005,경북,1567,56,1453
20201005,경남,292,0,281
20201005,제주,59,0,56
20201005,검역,1548,0,1391
20201006,서울,5410,61,4584
20201006,부산,466,4,378
20201006,대구,7136,195,6920
20201006,인천,945,8,848
20201006,광주,496,3,485
20201006,대전,368,4,337
20201006,울산,153,2,140
20201006,세종,77,0,69
20201006,경기,4512,77,4058
20201006,강원,224,3,214
20201006,충북,176,1,146
20201006,충남,491,6,435
20201006,전북,141,0,112
20201006,전남,173,2,157
20201006,경북,1567,56,1459
20201006,경남,292,0,282
20201006,제주,59,0,58
20201006,검역,1553,0,1401
20201007,서울,5443,61,4736
20201007,부산,468,4,391
20201007,대구,7137,196,6921
20201007,인천,951,8,858
20201007,광주,496,3,487
20201007,대전,370,4,345
20201007,울산,154,2,140
20201007,세종,78,0,72
20201007,경기,4565,79,4098
20201007,강원,224,3,216
20201007,충북,176,1,151
20201007,충남,491,6,440
20201007,전북,149,0,114
20201007,전남,173,2,157
20201007,경북,1567,56,1461
20201007,경남,292,0,283
20201007,제주,59,0,59
20201007,검역,1560,0,1405
20201008,서울,5463,62,4809
20201008,부산,473,4,392
20201008,대구,7137,196,6926
20201008,인천,956,8,862
20201008,광주,496,3,489
20201008,대전,377,4,347
20201008,울산,154,2,141
20201008,세종,78,0,72
20201008,경기,4589,80,4125
20201008,강원,224,3,217
20201008,충북,177,1,154
20201008,충남,491,6,446
20201008,전북,149,0,114
20201008,전남,173,2,158
20201008,경북,1568,56,1464
20201008,경남,295,0,283
20201008,제주,59,0,59
20201008,검역,1563,0,1405
20201009,서울,5485,62,4846
20201009,부산,478,4,394
20201009,대구,7138,196,6927
20201009,인천,956,8,873
20201009,광주,496,3,489
20201009,대전,382,5,350
20201009,울산,154,2,144
20201009,세종,78,0,73
20201009,경기,4601,80,4160
20201009,강원,224,3,218
20201009,충북,178,1,154
20201009,충남,491,6,446
20201009,전북,149,0,115
20201009,전남,174,2,163
20201009,경북,1568,56,1466
20201009,경남,296,0,285
20201009,제주,59,0,59
20201009,검역,1569,0,1407
20201010,서울,5510,63,4847
20201010,부산,481,4,399
20201010,대구,7139,196,6929
20201010,인천,964,8,879
20201010,광주,496,3,490
20201010,대전,383,5,351
20201010,울산,154,2,144
20201010,세종,78,0,73
20201010,경기,4625,81,4183
20201010,강원,224,3,218
20201010,충북,178,1,154
20201010,충남,494,6,448
20201010,전북,149,0,117
20201010,전남,176,2,166
20201010,경북,1568,56,1468
20201010,경남,296,0,286
20201010,제주,59,0,59
20201010,검역,1574,0,1413
20201011,서울,5533,64,4878
20201011,부산,484,4,399
20201011,대구,7140,196,6931
20201011,인천,965,8,882
20201011,광주,496,3,490
20201011,대전,385,5,351
20201011,울산,155,2,144
20201011,세종,78,0,73
20201011,경기,4646,82,4202
20201011,강원,226,3,219
20201011,충북,178,1,154
20201011,충남,495,6,455
20201011,전북,149,0,118
20201011,전남,176,2,166
20201011,경북,1568,56,1470
20201011,경남,296,0,286
20201011,제주,59,0,59
20201011,검역,1577,0,1416
20201012,서울,5564,64,4894
20201012,부산,488,4,400
20201012,대구,7140,196,6931
20201012,인천,968,8,883
20201012,광주,497,3,492
20201012,대전,398,5,351
20201012,울산,155,2,144
20201012,세종,78,0,74
20201012,경기,4675,83,4213
20201012,강원,227,3,219
20201012,충북,178,1,154
20201012,충남,497,6,455
20201012,전북,151,0,119
20201012,전남,176,2,166
20201012,경북,1569,56,1471
20201012,경남,297,0,286
20201012,제주,59,0,59
20201012,검역,1586,0,1418
20201013,서울,5584,65,4965
20201013,부산,489,4,406
20201013,대구,7141,196,6933
20201013,인천,968,8,887
20201013,광주,499,3,493
20201013,대전,408,5,352
20201013,울산,155,2,144
20201013,세종,78,0,74
20201013,경기,4713,83,4248
20201013,강원,231,3,219
20201013,충북,179,1,156
20201013,충남,499,6,455
20201013,전북,152,0,119
20201013,전남,176,2,166
20201013,경북,1570,56,1481
20201013,경남,297,0,286
20201013,제주,59,0,59
20201013,검역,1596,0,1420
20201014,서울,5607,66,5050
20201014,부산,491,4,423
20201014,대구,7141,196,6933
20201014,인천,976,8,901
20201014,광주,499,3,493
20201014,대전,412,5,354
20201014,울산,156,2,144
20201014,세종,78,0,74
20201014,경기,4744,86,4277
20201014,강원,231,3,220
20201014,충북,179,1,157
20201014,충남,500,6,458
20201014,전북,152,0,123
20201014,전남,176,2,166
20201014,경북,1570,56,1490
20201014,경남,297,0,286
20201014,제주,59,0,59
20201014,검역,1610,0,1422
20201015,서울,5632,66,5055
20201015,부산,546,5,428
20201015,대구,7141,196,6934
20201015,인천,987,8,904
20201015,광주,499,3,493
20201015,대전,413,5,354
20201015,울산,156,2,145
20201015,세종,78,0,74
20201015,경기,4752,86,4299
20201015,강원,232,3,220
20201015,충북,180,1,157
20201015,충남,500,6,464
20201015,전북,153,0,123
20201015,전남,176,2,166
20201015,경북,1571,56,1497
20201015,경남,297,0,286
20201015,제주,59,0,59
20201015,검역,1616,0,1424
